ESV Name,Name,KMZ Name,MSG Name,NLT Name,NIV Name,Lat,Lon,Passages,Comment
Abana,TBC,TBC,2 Kgs 5:12,TBC,TBC,33.545097,36.224661,N/A,N/A
Abarim,Mount Nebo,TBC,TBC,TBC,"Num 27:12, Num 33:47, Num 33:48, Deut 32:49, Jer 22:20",0.0,0.0,N/A,N/A
Abdon,TBC,TBC,"Josh 21:30, 1 Chr 6:74",TBC,TBC,33.047808,35.146201,N/A,N/A
Abel,Abel-beth-maacah,TBC,TBC,TBC,"2 Sam 20:14, 2 Sam 20:15, 2 Sam 20:18",0.0,0.0,N/A,N/A
Abel-beth-maacah,TBC,TBC,"1 Kgs 15:20, 2 Kgs 15:29",TBC,TBC,33.257,35.58,N/A,N/A
Abel-keramim,TBC,TBC,Judg 11:33,TBC,TBC,32.02425,35.82352,N/A,N/A
Abel-maim,Abel-beth-maacah,TBC,TBC,TBC,2 Chr 16:4,0.0,0.0,N/A,N/A
Abel-meholah,TBC,TBC,"Judg 7:22, 1 Kgs 4:12, 1 Kgs 19:16",TBC,TBC,32.35601,35.536929,N/A,N/A
Abel-mizraim,TBC,TBC,TBC,TBC,Gen 50:11,0.0,0.0,N/A,N/A
Abel-shittim,Abel-Shittum,TBC,TBC,TBC,Num 33:49,0.0,0.0,N/A,N/A
Abiezer,Ophrah 2,TBC,TBC,TBC,Judg 8:2,0.0,0.0,N/A,N/A
Abilene,TBC,TBC,Luke 3:1,TBC,TBC,33.5873,36.09171,N/A,N/A
Abronah,Ezion-geber,TBC,TBC,"Num 33:34, Num 33:35",TBC,0.0,0.0,N/A,N/A
Accad,Akkad,TBC,TBC,TBC,Gen 10:10,0.0,0.0,N/A,N/A
Acco,Ptolemais,TBC,TBC,TBC,Judg 1:31,0.0,0.0,N/A,N/A
Achaia,Greece,region,TBC,TBC,"Acts 18:12, Acts 18:27, Acts 19:21, Rom 15:26, 1 Cor 16:15, 2 Cor 1:1, 2 Cor 9:2, 2 Cor 11:10, 1 Thes 1:7, 1 Thes 1:8",0.0,0.0,N/A,N/A
Achshaph,Achshaph,TBC,TBC,TBC,"Josh 11:1, Josh 12:20, Josh 19:25",0.0,0.0,N/A,N/A
Achzib,TBC,TBC,"Josh 15:44, Mic 1:14",TBC,TBC,31.7,35.0,N/A,N/A
Achzib ,Aczib,TBC,TBC,TBC,"Josh 19:29, Judg 1:31",0.0,0.0,N/A,N/A
Adadah,TBC,TBC,Josh 15:22,TBC,TBC,31.1858,34.96745,N/A,N/A
Adam,Adam,TBC,TBC,TBC,Josh 3:16,0.0,0.0,N/A,N/A
Adamah,TBC,TBC,Josh 19:36,TBC,TBC,32.7253,35.4382,N/A,N/A
Adami-nekeb,TBC,TBC,Josh 19:33,TBC,TBC,32.6105,35.54289,N/A,N/A
Addar,TBC,TBC,Josh 15:3,TBC,TBC,30.9522,34.7187,N/A,N/A
Addon,TBC,TBC,TBC,TBC,Neh 7:61,0.0,0.0,N/A,N/A
Adithaim,TBC,TBC,Josh 15:36,TBC,TBC,31.7001,34.89532,N/A,N/A
Admah,Admah,TBC,TBC,TBC,"Gen 10:19, Gen 14:2, Gen 14:8, Deut 29:23, Hos 11:8",0.0,0.0,N/A,N/A
Adoraim,Adora,TBC,TBC,TBC,2 Chr 11:9,0.0,0.0,N/A,N/A
Adramyttium,TBC,TBC,Acts 27:2,TBC,TBC,39.5748,26.9367,N/A,N/A
Adriatic Sea,water,TBC,Acts 27:27,TBC,TBC,42.415,16.3735,N/A,N/A
Adullam,TBC,TBC,"Josh 12:15, Josh 15:35, 1 Sam 22:1, 2 Sam 23:13, 1 Chr 11:15, 2 Chr 11:7, Neh 11:30, Mic 1:15",TBC,TBC,31.65,35.0,N/A,N/A
Adummim,TBC,TBC,"Josh 15:7, Josh 18:17",TBC,TBC,31.817585,35.361646,N/A,N/A
Aenon,TBC,TBC,John 3:23,TBC,TBC,32.398936,35.54351,N/A,N/A
Ahava,TBC,TBC,"Ezra 8:15, Ezra 8:21, Ezra 8:31",TBC,TBC,33.625197,42.786647,N/A,N/A
Ahlab,Ahlab,TBC,TBC,TBC,Judg 1:31,0.0,0.0,N/A,N/A
Ai 1,Ai,TBC,TBC,TBC,"Gen 12:8, Gen 13:3, Josh 7:2, Josh 7:3, Josh 7:4, Josh 7:5, Josh 8:1, Josh 8:2, Josh 8:3, Josh 8:9, Josh 8:10, Josh 8:11, Josh 8:12, Josh 8:14, Josh 8:17, Josh 8:18, Josh 8:20, Josh 8:21, Josh 8:23, Josh 8:24, Josh 8:25, Josh 8:26, Josh 8:28, Josh 8:29, Josh 9:3, Josh 10:1, Josh 10:2, Josh 12:9, Ezra 2:28, Neh 7:32",0.0,0.0,N/A,N/A
Ai 2,Heshbon,TBC,TBC,TBC,Jer 49:3,0.0,0.0,N/A,N/A
Aiath,Ai 1,TBC,TBC,TBC,Isa 10:28,0.0,0.0,N/A,N/A
Aija,Ai 1,TBC,TBC,TBC,Neh 11:31,0.0,0.0,N/A,N/A
Aijalon,Aijalon,TBC,TBC,TBC,"Josh 19:42, Josh 21:24, Judg 1:35, Judg 12:12, 1 Sam 14:31, 1 Chr 6:69, 1 Chr 8:13, 2 Chr 11:10, 2 Chr 28:18",0.0,0.0,N/A,N/A
Ain 1,TBC,TBC,Num 34:11,TBC,TBC,34.353071,36.385705,N/A,N/A
Ain 2,TBC,TBC,"Josh 15:32, Josh 19:7, Josh 21:16, 1 Chr 4:32",TBC,TBC,31.370835,34.860665,N/A,N/A
Akeldama,TBC,TBC,Acts 1:19,TBC,TBC,31.76,35.23,N/A,N/A
Akrabbim,TBC,TBC,"Num 34:4, Josh 15:3, Judg 1:36",TBC,TBC,30.688292,35.263182,N/A,N/A
Alemeth,TBC,TBC,1 Chr 6:60,TBC,TBC,31.828406,35.287637,N/A,N/A
Alexandria,Alexandria,TBC,TBC,TBC,"Acts 18:24, Acts 27:6, Acts 28:11",0.0,0.0,N/A,N/A
Allammelech,TBC,TBC,Josh 19:26,TBC,TBC,32.97829,35.182915,N/A,N/A
Allon-bacuth,Bethel 1,TBC,TBC,TBC,Gen 35:8,0.0,0.0,N/A,N/A
Almon,Alemeth,TBC,TBC,TBC,Josh 21:18,0.0,0.0,N/A,N/A
Almon-diblathaim,Dibon 1,TBC,TBC,TBC,"Num 33:46, Num 33:47",0.0,0.0,N/A,N/A
Alush,Dophkah,TBC,TBC,TBC,"Num 33:13, Num 33:14",0.0,0.0,N/A,N/A
Amad,TBC,TBC,Josh 19:26,TBC,TBC,33.019337,35.173644,N/A,N/A
Amalek,region,TBC,"Ex 17:8, Ex 17:9, Ex 17:10, Ex 17:11, Ex 17:13, Ex 17:14, Ex 17:16, Num 24:20, Deut 25:17, Deut 25:19, 1 Sam 15:2, 1 Sam 15:3, 1 Sam 15:5, 1 Sam 15:20, 1 Sam 28:18, 2 Sam 8:12, 1 Chr 18:11, Ps 83:7",TBC,TBC,30.65977,34.835554,N/A,N/A
Amam,Moladah,TBC,TBC,TBC,Josh 15:26,0.0,0.0,N/A,N/A
Amana,TBC,TBC,Sng 4:8,TBC,TBC,33.68137,36.055039,N/A,N/A
Amaw,Pethor,TBC,TBC,TBC,Num 22:5,0.0,0.0,N/A,N/A
Ammah,TBC,TBC,2 Sam 2:24,TBC,TBC,31.869005,35.343177,N/A,N/A
Ammon,"Rabbah (Philadelphia, Amman)",TBC,TBC,TBC,"Deut 2:19, Deut 2:37, Judg 11:27, 2 Chr 20:10, 2 Chr 20:22, 2 Chr 20:23, Neh 13:23, Ps 83:7, Jer 9:26, Jer 25:21, Jer 27:3, Ezek 25:5",0.0,0.0,N/A,N/A
Amphipolis,Amphipolis,TBC,TBC,TBC,Acts 17:1,0.0,0.0,N/A,N/A
Anab,TBC,TBC,"Josh 11:21, Josh 15:50",TBC,TBC,31.403888,34.944185,N/A,N/A
Anaharath,TBC,TBC,Josh 19:19,TBC,TBC,32.607039,35.397389,N/A,N/A
Ananiah,TBC,TBC,Neh 11:32,TBC,TBC,31.83291,35.219683,N/A,N/A
Anathoth,Anathoth,TBC,TBC,TBC,"Josh 21:18, 2 Sam 23:27, 1 Kgs 2:26, 1 Chr 6:60, 1 Chr 11:28, 1 Chr 12:3, 1 Chr 27:12, Ezra 2:23, Neh 7:27, Neh 11:32, Isa 10:30, Jer 1:1, Jer 11:21, Jer 11:23, Jer 29:27, Jer 32:7, Jer 32:8, Jer 32:9",0.0,0.0,N/A,N/A
Anem,En-gannim 2,TBC,TBC,TBC,1 Chr 6:73,0.0,0.0,N/A,N/A
Aner,Taanach,TBC,TBC,TBC,1 Chr 6:70,0.0,0.0,N/A,N/A
Angle,<Jerusalem,TBC,TBC,TBC,2 Chr 26:9,0.0,0.0,N/A,N/A
Anim,TBC,TBC,Josh 15:50,TBC,TBC,31.373521,35.074552,N/A,N/A
Antioch 1,Antioch [Syria],TBC,TBC,TBC,"Acts 6:5, Acts 11:19, Acts 11:20, Acts 11:22, Acts 11:26, Acts 11:27, Acts 13:1, Acts 14:26, Acts 15:22, Acts 15:23, Acts 15:30, Acts 15:35, Acts 18:22, Gal 2:11",0.0,0.0,N/A,N/A
Antioch 2,Antioch [Pisidia],TBC,TBC,TBC,"Acts 13:14, Acts 14:19, Acts 14:21, 2 Tim 3:11",0.0,0.0,N/A,N/A
Antipatris,Antipatris,TBC,TBC,TBC,Acts 23:31,0.0,0.0,N/A,N/A
Aphek 1,TBC,TBC,"Josh 13:4, Josh 19:30",TBC,TBC,34.066067,35.865801,http://www.traveljournals.net/explore/lebanon/map/m1170262/hamul.html,http://www.traveljournals.net/explore/lebanon/map/m1170262/hamul.html
Aphek 2,Aphek [32.1 x 34.9],TBC,TBC,TBC,"Josh 12:18, 1 Sam 4:1, 1 Sam 29:1",0.0,0.0,N/A,N/A
Aphek 3,Aphek [32.8 x 35.7],TBC,TBC,TBC,"1 Kgs 20:26, 1 Kgs 20:30, 2 Kgs 13:17",0.0,0.0,N/A,N/A
Aphekah,Aphek 2,TBC,TBC,TBC,Josh 15:53,0.0,0.0,N/A,N/A
Aphik,Aphek 1,TBC,TBC,TBC,Judg 1:31,0.0,0.0,N/A,N/A
Apollonia,Apollonia,TBC,TBC,TBC,Acts 17:1,0.0,0.0,N/A,N/A
Ar,Ar / Ar of Moab,TBC,TBC,TBC,"Num 21:15, Num 21:28, Deut 2:9, Deut 2:18, Deut 2:29, Isa 15:1",0.0,0.0,N/A,N/A
Arab,TBC,TBC,Josh 15:52,TBC,TBC,31.450746,35.045648,N/A,N/A
Arabah,TBC,TBC,"Deut 1:1, Deut 1:7, Deut 2:8, Deut 3:17, Deut 4:49, Deut 11:30, Josh 8:14, Josh 11:2, Josh 11:16, Josh 12:1, Josh 12:3, Josh 12:8, Josh 18:18, 1 Sam 23:24, 2 Sam 2:29, 2 Sam 4:7, 2 Kgs 25:4, Jer 39:4, Jer 52:7, Ezek 47:8",TBC,TBC,32.029676,35.520995,N/A,N/A
Arabia,region,TBC,"2 Chr 9:14, Isa 21:13, Jer 25:24, Ezek 27:21, Ezek 30:5, Gal 1:17, Gal 4:25",TBC,TBC,27.4,37.7,N/A,N/A
Arad,Arad,TBC,TBC,TBC,"Num 21:1, Num 33:40, Josh 12:14, Judg 1:16",0.0,0.0,N/A,N/A
Aram,TBC,TBC,"Num 23:7, 2 Sam 8:6, 2 Sam 15:8, 1 Chr 2:23, Hos 12:12",TBC,TBC,34.85,39.12,N/A,N/A
Aram-maacah,TBC,TBC,1 Chr 19:6,TBC,TBC,33.2,36.5,N/A,N/A
Aram-naharaim,TBC,TBC,Ps 60:1,TBC,TBC,35.1,42.0,N/A,N/A
Aram-zobah,Damascus,TBC,TBC,TBC,Ps 60:1,0.0,0.0,N/A,N/A
Ararat,Mount Ararat,TBC,TBC,TBC,"Gen 8:4, 2 Kgs 19:37, Isa 37:38, Jer 51:27",0.0,0.0,N/A,N/A
Areopagus,<Athens,TBC,TBC,TBC,"Acts 17:19, Acts 17:22",0.0,0.0,N/A,N/A
Argob,TBC,TBC,"Deut 3:4, Deut 3:13, Deut 3:14, 1 Kgs 4:13",TBC,TBC,33.144,36.136,N/A,N/A
Ariel,Jerusalem,TBC,TBC,TBC,"Isa 29:1, Isa 29:2, Isa 29:7",0.0,0.0,N/A,N/A
Arimathea,Ramah 4,TBC,TBC,TBC,"Matt 27:57, Mark 15:43, Luke 23:50, John 19:38",0.0,0.0,N/A,N/A
Armageddon,Megiddo,TBC,TBC,TBC,Rev 16:16,0.0,0.0,N/A,N/A
Arnon,TBC,TBC,"Num 21:13, Num 21:14, Num 21:24, Num 21:26, Num 21:28, Num 22:36, Judg 11:13, Judg 11:18, Judg 11:22, Judg 11:26, Isa 16:2, Jer 48:20",TBC,TBC,31.4288,35.677009,N/A,N/A
Aroer 1,Aroer,TBC,TBC,TBC,"Deut 2:36, Deut 3:12, Deut 4:48, Josh 12:2, Josh 13:9, Josh 13:16, Judg 11:26, 2 Kgs 10:33, Jer 48:19",0.0,0.0,N/A,N/A
Aroer 2,TBC,TBC,"Num 32:34, Josh 13:25, Judg 11:33, 2 Sam 24:5, 1 Chr 5:8, Isa 17:2",TBC,TBC,31.9617,35.9115,N/A,N/A
Aroer 3,Aroer / Adhadah,TBC,TBC,TBC,1 Sam 30:28,0.0,0.0,N/A,N/A
Arpad,Hamath,TBC,TBC,TBC,"2 Kgs 18:34, 2 Kgs 19:13, Isa 10:9, Isa 36:19, Isa 37:13, Jer 49:23",0.0,0.0,N/A,N/A
Arubboth,Socoh 1,TBC,TBC,TBC,1 Kgs 4:10,0.0,0.0,N/A,N/A
Arumah,TBC,TBC,Judg 9:41,TBC,TBC,32.154887,35.318192,N/A,N/A
Arvad,TBC,TBC,"Ezek 27:8, Ezek 27:11",TBC,TBC,34.856082,35.858485,N/A,N/A
Ashan,Ashnah,TBC,TBC,TBC,"Josh 15:42, Josh 19:7, 1 Chr 4:32, 1 Chr 6:59",0.0,0.0,N/A,N/A
Ashdod,Ashdod,TBC,TBC,TBC,"Josh 11:22, Josh 13:3, Josh 15:46, Josh 15:47, 1 Sam 5:1, 1 Sam 5:3, 1 Sam 5:5, 1 Sam 5:6, 1 Sam 5:7, 1 Sam 6:17, 2 Chr 26:6, Neh 13:23, Neh 13:24, Isa 20:1, Jer 25:20, Amos 1:8, Amos 3:9, Zech 9:6",0.0,0.0,N/A,N/A
Ashdod's,Ashdod,TBC,TBC,TBC,Zeph 2:4,0.0,0.0,N/A,N/A
Ashkelon,Ashkelon,TBC,TBC,TBC,"Josh 13:3, Judg 1:18, Judg 14:19, 1 Sam 6:17, 2 Sam 1:20, Jer 25:20, Jer 47:5, Jer 47:7, Amos 1:8, Zeph 2:4, Zeph 2:7, Zech 9:5",0.0,0.0,N/A,N/A
Ashkenaz,TBC,TBC,Jer 51:27,TBC,TBC,40.6,44.6,N/A,N/A
Ashnah,TBC,TBC,"Josh 15:33, Josh 15:43",TBC,TBC,31.8099,34.9365,N/A,N/A
Ashtaroth,"Ashtaroth, Astaroth",TBC,TBC,TBC,"Deut 1:4, Josh 9:10, Josh 12:4, Josh 13:12, Josh 13:31, 1 Chr 6:71",0.0,0.0,N/A,N/A
Ashteroth-karnaim,Ashteroth Karnaim,TBC,TBC,TBC,Gen 14:5,0.0,0.0,N/A,N/A
Asia,region,TBC,"Acts 2:9, Acts 6:9, Acts 16:6, Acts 19:10, Acts 19:22, Acts 19:26, Acts 19:27, Acts 20:16, Acts 20:18, Acts 21:27, Acts 24:18, Acts 27:2, Rom 16:5, 1 Cor 16:19, 2 Cor 1:8, 2 Tim 1:15, 1 Pet 1:1, Rev 1:4",TBC,TBC,39.23,32.73,N/A,N/A
Asshur,Assyria,TBC,TBC,TBC,"Num 24:22, Num 24:24, Ps 83:8, Ezek 27:23",0.0,0.0,N/A,N/A
Assos,Assos,TBC,TBC,TBC,"Acts 20:13, Acts 20:14",0.0,0.0,N/A,N/A
Assyria,Nineveh,region,TBC,TBC,"Gen 2:14, Gen 10:11, Gen 25:18, 2 Kgs 15:19, 2 Kgs 15:20, 2 Kgs 15:29, 2 Kgs 16:7, 2 Kgs 16:8, 2 Kgs 16:9, 2 Kgs 16:10, 2 Kgs 16:18, 2 Kgs 17:3, 2 Kgs 17:4, 2 Kgs 17:5, 2 Kgs 17:6, 2 Kgs 17:23, 2 Kgs 17:24, 2 Kgs 17:26, 2 Kgs 17:27, 2 Kgs 18:7, 2 Kgs 18:9, 2 Kgs 18:11, 2 Kgs 18:13, 2 Kgs 18:14, 2 Kgs 18:16, 2 Kgs 18:17, 2 Kgs 18:19, 2 Kgs 18:23, 2 Kgs 18:28, 2 Kgs 18:30, 2 Kgs 18:31, 2 Kgs 18:33, 2 Kgs 19:4, 2 Kgs 19:6, 2 Kgs 19:8, 2 Kgs 19:10, 2 Kgs 19:11, 2 Kgs 19:17, 2 Kgs 19:20, 2 Kgs 19:32, 2 Kgs 19:36, 2 Kgs 20:6, 2 Kgs 23:29, 1 Chr 5:6, 1 Chr 5:26, 2 Chr 28:16, 2 Chr 28:20, 2 Chr 28:21, 2 Chr 30:6, 2 Chr 32:1, 2 Chr 32:4, 2 Chr 32:7, 2 Chr 32:9, 2 Chr 32:10, 2 Chr 32:11, 2 Chr 32:21, 2 Chr 32:22, 2 Chr 33:11, Ezra 4:2, Ezra 6:22, Neh 9:32, Isa 7:17, Isa 7:18, Isa 7:20, Isa 8:4, Isa 8:7, Isa 10:5, Isa 10:12, Isa 11:11, Isa 11:16, Isa 19:23, Isa 19:24, Isa 19:25, Isa 20:1, Isa 20:4, Isa 20:6, Isa 23:13, Isa 27:13, Isa 36:1, Isa 36:2, Isa 36:4, Isa 36:8, Isa 36:13, Isa 36:15, Isa 36:16, Isa 36:18, Isa 37:4, Isa 37:6, Isa 37:8, Isa 37:10, Isa 37:11, Isa 37:18, Isa 37:21, Isa 37:33, Isa 37:37, Isa 38:6, Jer 2:18, Jer 2:36, Jer 50:17, Jer 50:18, Lam 5:6, Ezek 23:7, Ezek 31:3, Ezek 32:22, Hos 5:13, Hos 7:11, Hos 8:9, Hos 9:3, Hos 10:6, Hos 11:5, Hos 11:11, Hos 12:1, Hos 14:3, Mic 5:6, Mic 7:12, Nahum 3:18, Zeph 2:13, Zech 10:10, Zech 10:11",0.0,0.0,N/A,N/A
Atad,Abel-mizraim,TBC,TBC,TBC,"Gen 50:10, Gen 50:11",0.0,0.0,N/A,N/A
Ataroth 1,Ataroth,TBC,TBC,TBC,"Num 32:3, Num 32:34",0.0,0.0,N/A,N/A
Ataroth 2,Upper Beth-horon,TBC,TBC,TBC,"Josh 16:2, Josh 16:7",0.0,0.0,N/A,N/A
Ataroth-addar,Ataroth 2,TBC,TBC,TBC,"Josh 16:5, Josh 18:13",0.0,0.0,N/A,N/A
Athach,TBC,TBC,TBC,TBC,1 Sam 30:30,0.0,0.0,N/A,N/A
Atharim,Hormah,TBC,TBC,TBC,Num 21:1,0.0,0.0,N/A,N/A
Athens,Athens,TBC,TBC,TBC,"Acts 17:15, Acts 17:16, Acts 17:22, Acts 18:1, 1 Thes 3:1",0.0,0.0,N/A,N/A
Atroth-shophan,Aroer 2,TBC,TBC,TBC,Num 32:35,0.0,0.0,N/A,N/A
Attalia,Attalia,TBC,TBC,TBC,Acts 14:25,0.0,0.0,N/A,N/A
Aven,Bethel 1,TBC,TBC,TBC,Hos 10:8,0.0,0.0,N/A,N/A
Avith,Edom,TBC,TBC,TBC,"Gen 36:35, 1 Chr 1:46",0.0,0.0,N/A,N/A
Avva,Ivvah,TBC,TBC,TBC,2 Kgs 17:24,0.0,0.0,N/A,N/A
Avvim,Hebron,TBC,TBC,TBC,Josh 18:23,0.0,0.0,N/A,N/A
Ayyah,Gaza,TBC,TBC,TBC,1 Chr 7:28,0.0,0.0,N/A,N/A
Azal,Mount of Olives,TBC,TBC,TBC,Zech 14:5,0.0,0.0,N/A,N/A
Azazel,-,TBC,TBC,TBC,"Lev 16:8, Lev 16:10, Lev 16:26",0.0,0.0,N/A,N/A
Azekah,Azekah,TBC,TBC,TBC,"Josh 10:10, Josh 10:11, Josh 15:35, 1 Sam 17:1, 2 Chr 11:9, Neh 11:30, Jer 34:7",0.0,0.0,N/A,N/A
Azmaveth,Beth-azmaveth,TBC,TBC,TBC,"Ezra 2:24, Neh 12:29",0.0,0.0,N/A,N/A
Azmon,TBC,TBC,"Num 34:4, Num 34:5, Josh 15:4",TBC,TBC,30.958506,34.3805,N/A,N/A
Aznoth-tabor,Mount Tabor,TBC,TBC,TBC,Josh 19:34,0.0,0.0,N/A,N/A
Azotus,Ashdod,TBC,TBC,TBC,Acts 8:40,0.0,0.0,N/A,N/A
Baal,Baalath-beer,TBC,TBC,TBC,1 Chr 4:33,0.0,0.0,N/A,N/A
Baalah 1,Beersheba,TBC,TBC,TBC,Josh 15:29,0.0,0.0,N/A,N/A
Baalah 2,Kiriath-jearim,TBC,TBC,TBC,"Josh 15:9, Josh 15:10, 1 Chr 13:6",0.0,0.0,N/A,N/A
Baalath 1,TBC,TBC,Josh 19:44,TBC,TBC,31.927451,35.055378,N/A,N/A
Baalath 2,Baalath 1,TBC,TBC,TBC,"1 Kgs 9:18, 2 Chr 8:6",0.0,0.0,N/A,N/A
Baalath-beer,TBC,TBC,Josh 19:8,TBC,TBC,32.049953,35.733402,N/A,N/A
Baale-judah,Kiriath-jearim,TBC,TBC,TBC,2 Sam 6:2,0.0,0.0,N/A,N/A
Baal-gad,Baal-hermon,TBC,TBC,TBC,"Josh 11:17, Josh 12:7, Josh 13:5",0.0,0.0,N/A,N/A
Baal-hamon,Baal-gad,TBC,TBC,TBC,Sng 8:11,0.0,0.0,N/A,N/A
Baal-hazor,TBC,TBC,2 Sam 13:23,TBC,TBC,31.979434,35.279229,N/A,N/A
Baal-hermon,Mount Baal-hermon,TBC,TBC,TBC,1 Chr 5:23,0.0,0.0,N/A,N/A
Baal-meon,TBC,TBC,"Num 32:38, 1 Chr 5:8, Ezek 25:9",TBC,TBC,31.679454,35.734892,N/A,N/A
Baal-peor,Peor,TBC,TBC,TBC,"Deut 4:3, Hos 9:10",0.0,0.0,N/A,N/A
Baal-perazim,Mount Perazim,TBC,TBC,TBC,"2 Sam 5:20, 1 Chr 14:11",0.0,0.0,N/A,N/A
Baal-shalishah,Gilgal 2,TBC,TBC,TBC,2 Kgs 4:42,0.0,0.0,N/A,N/A
Baal-tamar,Gibeah 1,TBC,TBC,TBC,Judg 20:33,0.0,0.0,N/A,N/A
Baal-zephon,TBC,TBC,"Ex 14:2, Ex 14:9, Num 33:7",TBC,TBC,29.938441,32.395473,N/A,N/A
Babel,Babylon / Babel,TBC,TBC,TBC,"Gen 10:10, Gen 11:9",0.0,0.0,N/A,N/A
Babylon,Babel,TBC,TBC,TBC,"2 Kgs 17:24, 2 Kgs 17:30, 2 Kgs 20:12, 2 Kgs 20:14, 2 Kgs 20:17, 2 Kgs 20:18, 2 Kgs 24:1, 2 Kgs 24:7, 2 Kgs 24:10, 2 Kgs 24:11, 2 Kgs 24:12, 2 Kgs 24:15, 2 Kgs 24:16, 2 Kgs 24:17, 2 Kgs 24:20, 2 Kgs 25:1, 2 Kgs 25:6, 2 Kgs 25:7, 2 Kgs 25:8, 2 Kgs 25:11, 2 Kgs 25:13, 2 Kgs 25:20, 2 Kgs 25:21, 2 Kgs 25:22, 2 Kgs 25:23, 2 Kgs 25:24, 2 Kgs 25:27, 2 Kgs 25:28, 1 Chr 9:1, 2 Chr 32:31, 2 Chr 33:11, 2 Chr 36:6, 2 Chr 36:7, 2 Chr 36:10, 2 Chr 36:18, 2 Chr 36:20, Ezra 2:1, Ezra 5:12, Ezra 5:13, Ezra 5:14, Ezra 5:17, Ezra 6:5, Neh 7:6, Neh 13:6, Est 2:6, Ps 87:4, Ps 137:1, Ps 137:8, Isa 13:1, Isa 13:19, Isa 14:4, Isa 14:22, Isa 21:9, Isa 39:1, Isa 39:3, Isa 39:6, Isa 39:7, Isa 43:14, Isa 47:1, Isa 48:14, Isa 48:20, Jer 20:4, Jer 20:5, Jer 20:6, Jer 21:2, Jer 21:4, Jer 21:7, Jer 21:10, Jer 22:25, Jer 24:1, Jer 25:1, Jer 25:9, Jer 25:11, Jer 25:12, Jer 25:26, Jer 27:6, Jer 27:8, Jer 27:9, Jer 27:11, Jer 27:12, Jer 27:13, Jer 27:14, Jer 27:16, Jer 27:17, Jer 27:18, Jer 27:20, Jer 27:22, Jer 28:2, Jer 28:3, Jer 28:4, Jer 28:6, Jer 28:11, Jer 28:14, Jer 29:1, Jer 29:3, Jer 29:4, Jer 29:10, Jer 29:15, Jer 29:20, Jer 29:21, Jer 29:22, Jer 29:28, Jer 32:2, Jer 32:3, Jer 32:4, Jer 32:5, Jer 32:28, Jer 32:36, Jer 34:1, Jer 34:2, Jer 34:3, Jer 34:7, Jer 34:21, Jer 35:11, Jer 36:29, Jer 37:1, Jer 37:17, Jer 37:19, Jer 38:3, Jer 38:17, Jer 38:18, Jer 38:22, Jer 38:23, Jer 39:1, Jer 39:3, Jer 39:5, Jer 39:6, Jer 39:7, Jer 39:9, Jer 39:11, Jer 39:13, Jer 40:1, Jer 40:4, Jer 40:5, Jer 40:7, Jer 40:9, Jer 40:11, Jer 41:2, Jer 41:18, Jer 42:11, Jer 43:3, Jer 43:10, Jer 44:30, Jer 46:2, Jer 46:13, Jer 46:26, Jer 49:28, Jer 49:30, Jer 50:1, Jer 50:2, Jer 50:8, Jer 50:9, Jer 50:13, Jer 50:14, Jer 50:16, Jer 50:17, Jer 50:18, Jer 50:23, Jer 50:24, Jer 50:28, Jer 50:29, Jer 50:34, Jer 50:35, Jer 50:39, Jer 50:42, Jer 50:43, Jer 50:45, Jer 50:46, Jer 51:1, Jer 51:2, Jer 51:6, Jer 51:7, Jer 51:8, Jer 51:9, Jer 51:11, Jer 51:12, Jer 51:24, Jer 51:29, Jer 51:30, Jer 51:31, Jer 51:33, Jer 51:34, Jer 51:35, Jer 51:37, Jer 51:41, Jer 51:42, Jer 51:44, Jer 51:47, Jer 51:48, Jer 51:49, Jer 51:53, Jer 51:54, Jer 51:55, Jer 51:56, Jer 51:58, Jer 51:59, Jer 51:60, Jer 51:61, Jer 51:64, Jer 52:3, Jer 52:4, Jer 52:9, Jer 52:10, Jer 52:11, Jer 52:12, Jer 52:15, Jer 52:17, Jer 52:26, Jer 52:27, Jer 52:31, Jer 52:32, Ezek 12:13, Ezek 17:12, Ezek 17:16, Ezek 17:20, Ezek 19:9, Ezek 21:19, Ezek 21:21, Ezek 24:2, Ezek 26:7, Ezek 29:18, Ezek 29:19, Ezek 30:10, Ezek 30:24, Ezek 30:25, Ezek 32:11, Dan 1:1, Dan 2:12, Dan 2:14, Dan 2:18, Dan 2:24, Dan 2:48, Dan 2:49, Dan 3:1, Dan 3:12, Dan 3:30, Dan 4:6, Dan 4:29, Dan 4:30, Dan 5:7, Dan 7:1, Mic 4:10, Zech 2:7, Zech 6:10, Matt 1:11, Matt 1:12, Matt 1:17, Acts 7:43, 1 Pet 5:13, Rev 14:8, Rev 16:19, Rev 17:5, Rev 18:2, Rev 18:10, Rev 18:21",0.0,0.0,N/A,N/A
Babylonia,Babel,TBC,TBC,TBC,"Ezra 1:11, Ezra 2:1, Ezra 5:12, Ezra 6:1, Ezra 7:6, Ezra 7:9, Ezra 7:16, Ezra 8:1",0.0,0.0,N/A,N/A
Baharum,Bahurim,TBC,TBC,TBC,1 Chr 11:33,0.0,0.0,N/A,N/A
Bahurim,TBC,TBC,"2 Sam 3:16, 2 Sam 16:5, 2 Sam 17:18, 2 Sam 19:16, 2 Sam 23:31, 1 Kgs 2:8",TBC,TBC,31.824736,35.388486,N/A,N/A
Balah,Baalah 1,TBC,TBC,TBC,Josh 19:3,0.0,0.0,N/A,N/A
Bamah,Gibeon,TBC,TBC,TBC,Ezek 20:29,0.0,0.0,N/A,N/A
Bamoth,Pisgah,TBC,TBC,TBC,"Num 21:19, Num 21:20",0.0,0.0,N/A,N/A
Bamoth-baal,Bamoth,TBC,TBC,TBC,"Num 22:41, Josh 13:17",0.0,0.0,N/A,N/A
Bashan,Golan,region,TBC,TBC,"Num 21:33, Num 32:33, Deut 1:4, Deut 3:1, Deut 3:3, Deut 3:4, Deut 3:10, Deut 3:11, Deut 3:13, Deut 3:14, Deut 4:43, Deut 4:47, Deut 29:7, Deut 32:14, Deut 33:22, Josh 9:10, Josh 12:4, Josh 12:5, Josh 13:11, Josh 13:12, Josh 13:30, Josh 13:31, Josh 17:1, Josh 17:5, Josh 20:8, Josh 21:6, Josh 21:27, Josh 22:7, 1 Kgs 4:13, 1 Kgs 4:19, 2 Kgs 10:33, 1 Chr 5:11, 1 Chr 5:12, 1 Chr 5:16, 1 Chr 5:23, 1 Chr 6:62, 1 Chr 6:71, Neh 9:22, Ps 22:12, Ps 68:15, Ps 68:22, Ps 135:11, Ps 136:20, Isa 2:13, Isa 33:9, Jer 22:20, Jer 50:19, Ezek 27:6, Ezek 39:18, Amos 4:1, Mic 7:14, Nahum 1:4, Zech 11:2",0.0,0.0,N/A,N/A
Bath-rabbim,<Heshbon,TBC,TBC,TBC,Sng 7:4,0.0,0.0,N/A,N/A
Bealoth,Baalath-beer,TBC,TBC,TBC,"Josh 15:24, 1 Kgs 4:16",0.0,0.0,N/A,N/A
Beautiful Gate,<Jerusalem,TBC,TBC,TBC,"Acts 3:2, Acts 3:10",0.0,0.0,N/A,N/A
Beer,Beer-elim,TBC,TBC,TBC,Num 21:16,0.0,0.0,N/A,N/A
Beer 2,Beeroth,TBC,TBC,TBC,Judg 9:21,0.0,0.0,N/A,N/A
Beer-elim,Eneglaim,TBC,TBC,TBC,Isa 15:8,0.0,0.0,N/A,N/A
Beer-lahai-roi,Kadesh-barnea,TBC,TBC,TBC,"Gen 24:62, Gen 25:11",0.0,0.0,N/A,N/A
Beeroth,Beeroth,TBC,TBC,TBC,"Josh 9:17, Josh 18:25, 2 Sam 4:2, 2 Sam 23:37, 1 Chr 11:39, Ezra 2:25, Neh 7:29",0.0,0.0,N/A,N/A
Beeroth Bene-jaakan,Bene-jaakan,TBC,TBC,TBC,Deut 10:6,0.0,0.0,N/A,N/A
Beersheba,Beersheba,TBC,TBC,TBC,"Gen 21:14, Gen 21:31, Gen 21:32, Gen 21:33, Gen 22:19, Gen 26:23, Gen 26:33, Gen 28:10, Gen 46:1, Gen 46:5, Josh 15:28, Josh 19:2, Judg 20:1, 1 Sam 3:20, 1 Sam 8:2, 2 Sam 3:10, 2 Sam 17:11, 2 Sam 24:2, 2 Sam 24:7, 2 Sam 24:15, 1 Kgs 4:25, 1 Kgs 19:3, 2 Kgs 12:1, 2 Kgs 23:8, 1 Chr 4:28, 1 Chr 21:2, 2 Chr 19:4, 2 Chr 24:1, 2 Chr 30:5, Neh 11:27, Neh 11:30, Amos 5:5",0.0,0.0,N/A,N/A
Beeshterah,Ashtaroth,TBC,TBC,TBC,Josh 21:27,0.0,0.0,N/A,N/A
Bela,Zoar,TBC,TBC,TBC,"Gen 14:2, Gen 14:8",0.0,0.0,N/A,N/A
Bene-berak,TBC,TBC,Josh 19:45,TBC,TBC,32.035782,34.827108,uk.geocities.com/jonpartin/joshua4.html,N/A
Bene-jaakan,Mount Hor 1,TBC,TBC,TBC,"Num 33:31, Num 33:32",0.0,0.0,N/A,N/A
Benjamin Gate,<Jerusalem,TBC,TBC,TBC,"Jer 20:2, Jer 37:13, Jer 38:7",0.0,0.0,N/A,N/A
Beon,Baal-meon,TBC,TBC,TBC,Num 32:3,0.0,0.0,N/A,N/A
Berea,Berea,TBC,TBC,TBC,"Acts 17:10, Acts 17:13",0.0,0.0,N/A,N/A
Bered,Kadesh-barnea,TBC,TBC,TBC,Gen 16:14,0.0,0.0,N/A,N/A
Berothah,TBC,TBC,Ezek 47:16,TBC,TBC,33.93148,36.152049,N/A,N/A
Berothai,Berothah,TBC,TBC,TBC,2 Sam 8:8,0.0,0.0,N/A,N/A
Besor,TBC,TBC,"1 Sam 30:9, 1 Sam 30:10, 1 Sam 30:21",TBC,TBC,31.398056,34.436667,N/A,N/A
Betah,Berothah,TBC,TBC,TBC,2 Sam 8:8,0.0,0.0,N/A,N/A
Beten,TBC,TBC,Josh 19:25,TBC,TBC,32.934736,35.270799,N/A,N/A
Beth-anath,TBC,TBC,"Josh 19:38, Judg 1:33",TBC,TBC,33.146864,35.427134,N/A,N/A
Beth-anoth,TBC,TBC,Josh 15:59,TBC,TBC,31.558456,35.124483,N/A,N/A
Bethany 1,Bethany,TBC,TBC,TBC,"Matt 21:17, Matt 26:6, Mark 11:1, Mark 11:11, Mark 11:12, Mark 14:3, Luke 19:29, Luke 24:50, John 11:1, John 11:18, John 12:1",0.0,0.0,N/A,N/A
Bethany 2,Bethany Beyond the Jordan,TBC,TBC,TBC,John 1:28,0.0,0.0,N/A,N/A
Beth-arabah,TBC,TBC,"Josh 15:6, Josh 15:61, Josh 18:18, Josh 18:22",TBC,TBC,31.84332,35.50649,N/A,N/A
Beth-arbel,Beth Arbel,TBC,TBC,TBC,Hos 10:14,0.0,0.0,N/A,N/A
Beth-ashbea,TBC,TBC,TBC,TBC,1 Chr 4:21,0.0,0.0,N/A,N/A
Beth-aven,Beth-Aven,TBC,TBC,TBC,"Josh 7:2, Josh 18:12, 1 Sam 13:5, 1 Sam 14:23, Hos 4:15, Hos 5:8, Hos 10:5",0.0,0.0,N/A,N/A
Beth-azmaveth,TBC,TBC,Neh 7:28,TBC,TBC,31.834203,35.260706,N/A,N/A
Beth-baal-meon,Baal-meon,TBC,TBC,TBC,Josh 13:17,0.0,0.0,N/A,N/A
Beth-barah,Bethany 2,TBC,TBC,TBC,Judg 7:24,0.0,0.0,N/A,N/A
Beth-biri,Madmannah,TBC,TBC,TBC,1 Chr 4:31,0.0,0.0,N/A,N/A
Beth-car,Mizpah 3,TBC,TBC,TBC,1 Sam 7:11,0.0,0.0,N/A,N/A
Beth-dagon 1,TBC,TBC,Josh 15:41,TBC,TBC,31.908,34.775,N/A,N/A
Beth-dagon 2,TBC,TBC,Josh 19:27,TBC,TBC,32.899561,35.107928,N/A,N/A
Beth-diblathaim,Almon-diblathaim,TBC,TBC,TBC,Jer 48:22,0.0,0.0,N/A,N/A
Beth-eden,Damascus,TBC,TBC,TBC,Amos 1:5,0.0,0.0,N/A,N/A
Beth-eked,Jezreel 2,TBC,TBC,TBC,"2 Kgs 10:12, 2 Kgs 10:14",0.0,0.0,N/A,N/A
Bethel 1,Bethel,TBC,TBC,TBC,"Gen 12:8, Gen 13:3, Gen 28:19, Gen 31:13, Gen 35:1, Gen 35:3, Gen 35:6, Gen 35:8, Gen 35:15, Gen 35:16, Josh 7:2, Josh 8:9, Josh 8:12, Josh 8:17, Josh 12:9, Josh 16:1, Josh 16:2, Josh 18:13, Josh 18:22, Judg 1:22, Judg 1:23, Judg 4:5, Judg 20:18, Judg 20:26, Judg 20:31, Judg 21:2, Judg 21:19, 1 Sam 7:16, 1 Sam 10:3, 1 Sam 13:2, 1 Kgs 12:29, 1 Kgs 12:32, 1 Kgs 12:33, 1 Kgs 13:1, 1 Kgs 13:4, 1 Kgs 13:10, 1 Kgs 13:11, 1 Kgs 13:32, 1 Kgs 16:34, 2 Kgs 2:2, 2 Kgs 2:3, 2 Kgs 2:23, 2 Kgs 10:29, 2 Kgs 17:28, 2 Kgs 23:4, 2 Kgs 23:15, 2 Kgs 23:17, 2 Kgs 23:19, 1 Chr 7:28, 2 Chr 13:19, Ezra 2:28, Neh 7:32, Neh 11:31, Jer 48:13, Hos 10:15, Hos 12:4, Amos 3:14, Amos 4:4, Amos 5:5, Amos 5:6, Amos 7:10, Amos 7:13, Zech 7:2",0.0,0.0,N/A,N/A
Bethel 2,Ramoth 2,TBC,TBC,TBC,"Josh 12:16, 1 Sam 30:27",0.0,0.0,N/A,N/A
Beth-emek,TBC,TBC,Josh 19:27,TBC,TBC,32.978855,35.167096,N/A,N/A
Bethesda,<Jerusalem,TBC,TBC,TBC,John 5:2,0.0,0.0,N/A,N/A
Beth-ezel,Shaphir,TBC,TBC,TBC,Mic 1:11,0.0,0.0,N/A,N/A
Beth-gamul,TBC,TBC,Jer 48:23,TBC,TBC,31.519692,35.844714,N/A,N/A
Beth-gilgal,Gilgal 1,from tyndale,TBC,TBC,Neh 12:29,0.0,0.0,N/A,N/A
Beth-haccherem,TBC,TBC,"Neh 3:14, Jer 6:1",TBC,TBC,31.665911,35.241516,N/A,N/A
Beth-haggan,Megiddo,TBC,TBC,TBC,2 Kgs 9:27,0.0,0.0,N/A,N/A
Beth-haram,TBC,TBC,Josh 13:27,TBC,TBC,31.816667,35.583333,N/A,N/A
Beth-haran,Beth-haram,TBC,TBC,TBC,Num 32:36,0.0,0.0,N/A,N/A
Beth-hoglah,TBC,TBC,"Josh 15:6, Josh 18:19, Josh 18:21",TBC,TBC,31.837062,35.513151,N/A,N/A
Beth-horon,Lower Beth-horon,TBC,TBC,TBC,"Josh 10:10, Josh 10:11, Josh 18:14, Josh 21:22, 1 Sam 13:18, 1 Chr 6:68, 2 Chr 25:13",0.0,0.0,N/A,N/A
Beth-jeshimoth,Beth-Jeshimoth,TBC,TBC,TBC,"Num 33:49, Josh 12:3, Josh 13:20, Ezek 25:9",0.0,0.0,N/A,N/A
Beth-le-aphrah,Ophrah 1,TBC,TBC,TBC,Mic 1:10,0.0,0.0,N/A,N/A
Beth-lebaoth,Beth-biri,TBC,TBC,TBC,Josh 19:6,0.0,0.0,N/A,N/A
Bethlehem 1,Bethlehem,TBC,TBC,TBC,"Gen 35:19, Gen 48:7, Judg 12:8, Judg 12:10, Judg 17:7, Judg 17:8, Judg 17:9, Judg 19:1, Judg 19:2, Judg 19:18, Ruth 1:1, Ruth 1:2, Ruth 1:19, Ruth 1:22, Ruth 2:4, Ruth 4:11, 1 Sam 16:4, 1 Sam 17:12, 1 Sam 17:15, 1 Sam 20:6, 1 Sam 20:28, 2 Sam 2:32, 2 Sam 23:14, 2 Sam 23:15, 2 Sam 23:16, 2 Sam 23:24, 1 Chr 11:16, 1 Chr 11:17, 1 Chr 11:18, 1 Chr 11:26, 2 Chr 11:6, Ezra 2:21, Neh 7:26, Jer 41:17, Matt 2:1, Matt 2:5, Matt 2:6, Matt 2:8, Matt 2:16, Luke 2:4, Luke 2:15",0.0,0.0,N/A,N/A
Bethlehem 2,TBC,TBC,Josh 19:15,TBC,TBC,32.735379,35.189704,N/A,N/A
Bethlehem Ephrathah,Bethlehem 1,TBC,TBC,TBC,Mic 5:2,0.0,0.0,N/A,N/A
Beth-maacah,Abel-beth-maacah,TBC,TBC,TBC,"2 Sam 20:14, 2 Sam 20:15",0.0,0.0,N/A,N/A
Beth-marcaboth,Madmannah,TBC,TBC,TBC,"Josh 19:5, 1 Chr 4:31",0.0,0.0,N/A,N/A
Beth-meon,Baal-meon,TBC,TBC,TBC,Jer 48:23,0.0,0.0,N/A,N/A
Beth-millo,Shechem,TBC,TBC,TBC,"Judg 9:6, Judg 9:20",0.0,0.0,N/A,N/A
Beth-nimrah,now Beth-Nimrah,TBC,"Num 32:36, Josh 13:27",TBC,TBC,31.900811,35.625693,N/A,N/A
Beth-pazzez,En-gannim 2,TBC,TBC,TBC,Josh 19:21,0.0,0.0,N/A,N/A
Beth-pelet,Hazar-shual,TBC,TBC,TBC,"Josh 15:27, Neh 11:26",0.0,0.0,N/A,N/A
Beth-peor,TBC,TBC,"Deut 3:29, Deut 4:46, Deut 34:6, Josh 13:20",TBC,TBC,31.656099,35.71187,N/A,N/A
Bethphage,Bethphage,TBC,TBC,TBC,"Matt 21:1, Mark 11:1, Luke 19:29",0.0,0.0,N/A,N/A
Beth-rehob,TBC,TBC,"Judg 18:28, 2 Sam 10:6",TBC,TBC,33.219354,35.544122,N/A,N/A
Bethsaida,Bethsaida,TBC,TBC,TBC,"Matt 11:21, Mark 6:45, Mark 8:22, Luke 9:10, Luke 10:13, John 1:44, John 12:21",0.0,0.0,N/A,N/A
Beth-shan,Beth Shan,TBC,TBC,TBC,"1 Sam 31:10, 1 Sam 31:12, 2 Sam 21:12",0.0,0.0,N/A,N/A
Beth-shean,Beth-shan,TBC,TBC,TBC,"Josh 17:11, Josh 17:16, Judg 1:27, 1 Kgs 4:12, 1 Chr 7:29",0.0,0.0,N/A,N/A
Beth-shemesh 1,Beth Shemesh,TBC,TBC,TBC,"Josh 15:10, Josh 21:16, 1 Sam 6:9, 1 Sam 6:12, 1 Sam 6:13, 1 Sam 6:14, 1 Sam 6:15, 1 Sam 6:18, 1 Sam 6:19, 1 Sam 6:20, 1 Kgs 4:9, 2 Kgs 14:11, 2 Kgs 14:13, 1 Chr 6:59, 2 Chr 25:21, 2 Chr 25:23, 2 Chr 28:18",0.0,0.0,N/A,N/A
Beth-shemesh 2,TBC,TBC,Josh 19:22,TBC,TBC,32.40643,35.504628,N/A,N/A
Beth-shemesh 3,Beth-anath,TBC,TBC,TBC,"Josh 19:38, Judg 1:33",0.0,0.0,N/A,N/A
Beth-shittah,TBC,TBC,Judg 7:22,TBC,TBC,32.552496,35.438257,N/A,N/A
Beth-tappuah,TBC,TBC,Josh 15:53,TBC,TBC,31.52973,35.050377,N/A,N/A
Beth-togarmah,region,TBC,"Ezek 27:14, Ezek 38:6",TBC,TBC,40.065539,45.036328,N/A,N/A
Bethuel,Bethel 2,TBC,TBC,TBC,1 Chr 4:30,0.0,0.0,N/A,N/A
Bethul,Bethel 2,TBC,TBC,TBC,Josh 19:4,0.0,0.0,N/A,N/A
Beth-zur,TBC,TBC,"Josh 15:58, 2 Chr 11:7, Neh 3:16",TBC,TBC,31.596107,35.10262,N/A,N/A
Betonim,TBC,TBC,Josh 13:26,TBC,TBC,32.0105,35.706297,N/A,N/A
Beyond the River,Jerusalem,region,TBC,TBC,"Ezra 4:10, Ezra 4:11, Ezra 4:16, Ezra 4:17, Ezra 4:20, Ezra 5:3, Ezra 5:6, Ezra 6:6, Ezra 6:8, Ezra 6:13, Ezra 7:21, Ezra 7:25, Ezra 8:36, Neh 2:7, Neh 2:9, Neh 3:7",0.0,0.0,N/A,N/A
Bezek 1,TBC,TBC,"Judg 1:4, Judg 1:5",TBC,TBC,31.898029,34.952878,N/A,N/A
Bezek 2,Bezek,TBC,TBC,TBC,1 Sam 11:8,0.0,0.0,N/A,N/A
Bezer,Bezer,TBC,TBC,TBC,"Deut 4:43, Josh 20:8, Josh 21:36, 1 Chr 6:78",0.0,0.0,N/A,N/A
Bileam,Ibleam,TBC,TBC,TBC,1 Chr 6:70,0.0,0.0,N/A,N/A
Bilhah,Baalah 1,TBC,TBC,TBC,1 Chr 4:29,0.0,0.0,N/A,N/A
Bithynia,region,TBC,"Acts 16:7, 1 Pet 1:1",TBC,TBC,40.905503,30.685778,N/A,N/A
Biziothiah,Beersheba,TBC,TBC,TBC,Josh 15:28,0.0,0.0,N/A,N/A
Bochim,Bethel 1,TBC,TBC,TBC,"Judg 2:1, Judg 2:5",0.0,0.0,N/A,N/A
Bor-ashan,Ashan,TBC,TBC,TBC,1 Sam 30:30,0.0,0.0,N/A,N/A
Bozez,Bozez,TBC,TBC,TBC,1 Sam 14:4,0.0,0.0,N/A,N/A
Bozkath,Lachish,TBC,TBC,TBC,"Josh 15:39, 2 Kgs 22:1",0.0,0.0,N/A,N/A
Bozrah 1,TBC,TBC,"Gen 36:33, 1 Chr 1:44, Isa 34:6, Isa 63:1, Jer 49:13, Jer 49:22, Amos 1:12",TBC,TBC,30.734691,35.60625,N/A,N/A
Bozrah 2,Bezer,TBC,TBC,TBC,Jer 48:24,0.0,0.0,N/A,N/A
Broad Wall,Jerusalem,TBC,TBC,TBC,"Neh 3:8, Neh 12:38",0.0,0.0,N/A,N/A
Brook of Egypt,TBC,TBC,"Num 34:5, Josh 15:4, Josh 15:47, 1 Kgs 8:65, 2 Kgs 24:7, 2 Chr 7:8, Isa 27:12, Ezek 47:19, Ezek 48:28",TBC,TBC,31.032047,33.854957,N/A,http://en.wikipedia.org/wiki/Brook_of_Egypt
Brook of the Arabah,Hamath,TBC,TBC,TBC,Amos 6:14,0.0,0.0,N/A,N/A
Brook of the Willows,Jordan,TBC,TBC,TBC,Isa 15:7,0.0,0.0,N/A,N/A
Buz,Dedan,TBC,TBC,TBC,Jer 25:23,0.0,0.0,N/A,N/A
Cabbon,Eglon,TBC,TBC,TBC,Josh 15:40,0.0,0.0,N/A,N/A
Cabul 1,TBC,TBC,Josh 19:27,TBC,TBC,32.865661,35.211814,N/A,N/A
Cabul 2,Cabul 1,TBC,TBC,TBC,1 Kgs 9:13,0.0,0.0,N/A,N/A
Caesarea,Caesarea,TBC,TBC,TBC,"Acts 8:40, Acts 9:30, Acts 10:1, Acts 10:24, Acts 11:11, Acts 12:19, Acts 18:22, Acts 21:8, Acts 21:16, Acts 23:23, Acts 23:33, Acts 25:1, Acts 25:4, Acts 25:6, Acts 25:13",0.0,0.0,N/A,N/A
Caesarea Philippi,Caesarea Philippi,TBC,TBC,TBC,"Matt 16:13, Mark 8:27",0.0,0.0,N/A,N/A
Calah,TBC,TBC,"Gen 10:11, Gen 10:12",TBC,TBC,36.142884,43.312178,N/A,N/A
Calneh,TBC,TBC,"Gen 10:10, Amos 6:2",TBC,TBC,32.127213,45.229995,N/A,N/A
Calno,Calneh,TBC,TBC,TBC,Isa 10:9,0.0,0.0,N/A,N/A
Cana,Cana,TBC,TBC,TBC,"John 2:1, John 2:11, John 4:46, John 21:2",0.0,0.0,N/A,N/A
Canaan,Gath,region,TBC,TBC,"Gen 11:31, Gen 12:5, Gen 13:12, Gen 16:3, Gen 17:8, Gen 23:2, Gen 23:19, Gen 31:18, Gen 33:18, Gen 35:6, Gen 36:5, Gen 36:6, Gen 37:1, Gen 42:5, Gen 42:7, Gen 42:13, Gen 42:29, Gen 42:32, Gen 44:8, Gen 45:17, Gen 45:25, Gen 46:6, Gen 46:12, Gen 46:31, Gen 47:1, Gen 47:4, Gen 47:13, Gen 47:14, Gen 47:15, Gen 48:3, Gen 48:7, Gen 49:30, Gen 50:5, Gen 50:13, Ex 6:4, Ex 15:15, Ex 16:35, Lev 14:34, Lev 18:3, Lev 25:38, Num 13:2, Num 13:17, Num 26:19, Num 32:30, Num 32:32, Num 33:40, Num 33:51, Num 34:2, Num 34:29, Num 35:10, Num 35:14, Deut 32:49, Josh 5:12, Josh 14:1, Josh 21:2, Josh 22:9, Josh 22:10, Josh 22:11, Josh 22:32, Josh 24:3, Judg 3:1, Judg 4:2, Judg 4:23, Judg 4:24, Judg 5:19, Judg 21:12, 1 Chr 16:18, Ps 105:11, Ps 106:38, Ps 135:11, Isa 19:18, Isa 23:11, Zeph 2:5, Acts 7:11, Acts 13:19",0.0,0.0,N/A,N/A
Canneh,Calneh,TBC,TBC,TBC,Ezek 27:23,0.0,0.0,N/A,N/A
Capernaum,Capernaum,TBC,TBC,TBC,"Matt 4:13, Matt 8:5, Matt 11:23, Matt 17:24, Mark 1:21, Mark 2:1, Mark 9:33, Luke 4:23, Luke 4:31, Luke 7:1, Luke 10:15, John 2:12, John 4:46, John 6:17, John 6:24, John 6:59",0.0,0.0,N/A,N/A
Caphtor,Crete,http://en.wikipedia.org/wiki/Caphtor,TBC,TBC,"Deut 2:23, Jer 47:4, Amos 9:7",0.0,0.0,N/A,http://en.wikipedia.org/wiki/Caphtor
Cappadocia,region,TBC,"Acts 2:9, 1 Pet 1:1",TBC,TBC,36.731904,35.486302,N/A,N/A
Carchemish,Carchemish,TBC,TBC,TBC,"2 Chr 35:20, Isa 10:9, Jer 46:2",0.0,0.0,N/A,N/A
Carmel,Carmel,TBC,TBC,TBC,"Josh 12:22, Josh 15:55, Josh 19:26, 1 Sam 15:12, 1 Sam 25:2, 1 Sam 25:5, 1 Sam 25:7, 1 Sam 25:40, 1 Sam 27:3, 1 Sam 30:5, 2 Sam 2:2, 2 Sam 3:3, 2 Sam 23:35, 1 Chr 11:37, Sng 7:5, Isa 33:9, Isa 35:2, Jer 46:18, Jer 50:19, Amos 1:2, Amos 9:3, Nahum 1:4",0.0,0.0,N/A,N/A
Casiphia,Hamath,TBC,TBC,TBC,Ezra 8:17,0.0,0.0,N/A,N/A
Cauda,TBC,TBC,Acts 27:16,TBC,TBC,34.84351,24.091671,N/A,http://www.creteisland.gr/english/chania/selino/gavdos/
Cenchreae,Cenchreae,TBC,TBC,TBC,"Acts 18:18, Rom 16:1",0.0,0.0,N/A,N/A
Chaldea,Ur,region,TBC,TBC,"Isa 48:20, Jer 50:10, Jer 51:24, Jer 51:35, Ezek 11:24, Ezek 16:29, Ezek 23:15, Ezek 23:16",0.0,0.0,N/A,N/A
Chebar,TBC,TBC,"Ezek 1:1, Ezek 1:3, Ezek 3:15, Ezek 3:23, Ezek 10:15, Ezek 10:20, Ezek 10:22, Ezek 43:3",TBC,TBC,33.159129,44.06293,; now Nehardea; http://www.hebrewhistory.info/factpapers/fp031_iraq.htm,http://www.hebrewhistory.info/factpapers/fp031_iraq.htm
Chephar-ammoni,TBC,TBC,Josh 18:24,TBC,TBC,31.966667,35.25,N/A,N/A
Chephirah,TBC,TBC,"Josh 9:17, Josh 18:26, Ezra 2:25, Neh 7:29",TBC,TBC,31.836401,35.095272,N/A,N/A
Cherith,Jordan,TBC,TBC,TBC,"1 Kgs 17:3, 1 Kgs 17:5",0.0,0.0,N/A,N/A
Cherub,Babylon,TBC,TBC,TBC,"Ezra 2:59, Neh 7:61",0.0,0.0,N/A,N/A
Chesalon,TBC,TBC,Josh 15:10,TBC,TBC,31.781049,35.05113,N/A,N/A
Chesil,Bethel 2,TBC,TBC,TBC,Josh 15:30,0.0,0.0,N/A,N/A
Chesulloth,TBC,TBC,Josh 19:18,TBC,TBC,32.683231,35.324694,N/A,N/A
Chezib,Achzib 1,TBC,TBC,TBC,Gen 38:5,0.0,0.0,N/A,N/A
Chilmad,Asshur,TBC,TBC,TBC,Ezek 27:23,0.0,0.0,N/A,N/A
Chinnereth 1,Sea of Galilee,TBC,TBC,TBC,Deut 3:17,0.0,0.0,N/A,N/A
Chinnereth 2,Sea of Galilee,TBC,TBC,TBC,Josh 19:35,0.0,0.0,N/A,N/A
Chinneroth,Sea of Galilee,region,TBC,TBC,"Josh 11:2, 1 Kgs 15:20",0.0,0.0,N/A,N/A
Chios,now Chios,TBC,Acts 20:15,TBC,TBC,38.44484,26.063302,N/A,N/A
Chisloth-tabor,Chesulloth,TBC,TBC,TBC,Josh 19:12,0.0,0.0,N/A,N/A
Chitlish,Gederoth,TBC,TBC,TBC,Josh 15:40,0.0,0.0,N/A,N/A
Chorazin,Chorazin,TBC,TBC,TBC,"Matt 11:21, Luke 10:13",0.0,0.0,N/A,N/A
Cilicia,Tarsus,region,TBC,TBC,"Acts 6:9, Acts 15:23, Acts 15:41, Acts 21:39, Acts 22:3, Acts 23:34, Acts 27:5, Gal 1:21",0.0,0.0,N/A,N/A
City of Destruction,Heliopolis,TBC,TBC,TBC,Isa 19:18,0.0,0.0,N/A,N/A
City of Salt,Engedi,TBC,TBC,TBC,Josh 15:62,0.0,0.0,N/A,N/A
City of the Lord,Jerusalem,TBC,TBC,TBC,Isa 60:14,0.0,0.0,N/A,N/A
Cnidus,Cnidus,TBC,TBC,TBC,Acts 27:7,0.0,0.0,N/A,N/A
Colossae,Colossae,TBC,TBC,TBC,Col 1:2,0.0,0.0,N/A,N/A
Corinth,Corinth,TBC,TBC,TBC,"Acts 18:1, Acts 19:1, 1 Cor 1:2, 2 Cor 1:1, 2 Cor 1:23, 2 Tim 4:20",0.0,0.0,N/A,N/A
Corner Gate,<Jerusalem,TBC,TBC,TBC,"2 Kgs 14:13, 2 Chr 25:23, 2 Chr 26:9, Jer 31:38, Zech 14:10",0.0,0.0,N/A,N/A
Cos,Cos,TBC,TBC,TBC,Acts 21:1,0.0,0.0,N/A,N/A
Cozeba,Achzib 1,TBC,TBC,TBC,1 Chr 4:22,0.0,0.0,N/A,N/A
Crete,island,TBC,"Acts 27:7, Acts 27:12, Acts 27:13, Acts 27:21, Titus 1:5",TBC,TBC,35.171239,25.007204,N/A,N/A
Cun,Berothah,TBC,TBC,TBC,1 Chr 18:8,0.0,0.0,N/A,N/A
Cush,Ethiopia,TBC,TBC,TBC,"Gen 2:13, 2 Kgs 19:9, Ps 68:31, Ps 87:4, Isa 11:11, Isa 18:1, Isa 20:3, Isa 20:5, Isa 37:9, Isa 43:3, Isa 45:14, Jer 46:9, Ezek 29:10, Ezek 30:4, Ezek 30:5, Ezek 30:9, Ezek 38:5, Nahum 3:9, Zeph 3:10",0.0,0.0,N/A,N/A
Cushan,Ethiopia,TBC,TBC,TBC,Hab 3:7,0.0,0.0,N/A,N/A
Cuth,http://en.wikipedia.org/wiki/Kutha,TBC,2 Kgs 17:30,TBC,TBC,32.733333,44.666667,N/A,http://en.wikipedia.org/wiki/Kutha
Cuthah,Cuth,TBC,TBC,TBC,2 Kgs 17:24,0.0,0.0,N/A,N/A
Cyprus,island,TBC,"Isa 23:1, Isa 23:12, Jer 2:10, Ezek 27:6, Acts 4:36, Acts 11:19, Acts 11:20, Acts 13:4, Acts 15:39, Acts 21:3, Acts 21:16, Acts 27:4",TBC,TBC,35.018306,33.207693,N/A,N/A
Cyrene,TBC,TBC,"Matt 27:32, Mark 15:21, Luke 23:26, Acts 2:10, Acts 11:20, Acts 13:1",TBC,TBC,32.824979,21.858301,http://en.wikipedia.org/wiki/Cyrene%2C_Libya,http://en.wikipedia.org/wiki/Cyrene%2C_Libya
Dabbesheth,TBC,TBC,Josh 19:11,TBC,TBC,33.0,35.266682,N/A,N/A
Daberath,Daberath,TBC,TBC,TBC,"Josh 19:12, Josh 21:28, 1 Chr 6:72",0.0,0.0,N/A,N/A
Dalmanutha,Magadan,TBC,TBC,TBC,Mark 8:10,0.0,0.0,N/A,N/A
Dalmatia,region,TBC,2 Tim 4:10,TBC,TBC,43.515484,16.071538,N/A,N/A
Damascus,Damascus,TBC,TBC,TBC,"Gen 14:15, Gen 15:2, 2 Sam 8:5, 2 Sam 8:6, 1 Kgs 11:24, 1 Kgs 15:18, 1 Kgs 19:15, 1 Kgs 20:34, 2 Kgs 5:12, 2 Kgs 8:7, 2 Kgs 8:9, 2 Kgs 14:28, 2 Kgs 16:9, 2 Kgs 16:10, 2 Kgs 16:11, 2 Kgs 16:12, 1 Chr 18:5, 1 Chr 18:6, 2 Chr 16:2, 2 Chr 24:23, 2 Chr 28:5, 2 Chr 28:23, Sng 7:4, Isa 7:8, Isa 8:4, Isa 10:9, Isa 17:1, Isa 17:3, Jer 49:23, Jer 49:24, Jer 49:27, Ezek 27:18, Ezek 47:16, Ezek 47:17, Ezek 47:18, Ezek 48:1, Amos 1:3, Amos 1:5, Amos 5:27, Zech 9:1, Acts 9:2, Acts 9:3, Acts 9:8, Acts 9:10, Acts 9:19, Acts 9:22, Acts 9:27, Acts 22:5, Acts 22:6, Acts 22:10, Acts 22:11, Acts 26:12, Acts 26:20, 2 Cor 11:32, Gal 1:17",0.0,0.0,N/A,N/A
Dan,Dan,TBC,TBC,TBC,"Gen 14:14, Josh 19:47, Judg 18:29, Judg 20:1, 1 Sam 3:20, 2 Sam 3:10, 2 Sam 17:11, 2 Sam 24:2, 2 Sam 24:6, 2 Sam 24:15, 1 Kgs 4:25, 1 Kgs 12:29, 1 Kgs 12:30, 1 Kgs 15:20, 2 Kgs 10:29, 1 Chr 21:2, 2 Chr 16:4, 2 Chr 30:5, Jer 4:15, Jer 8:16",0.0,0.0,N/A,N/A
Dannah,TBC,TBC,Josh 15:49,TBC,TBC,31.561025,34.975472,N/A,N/A
Debir 1,Debir,TBC,TBC,TBC,"Josh 10:38, Josh 10:39, Josh 11:21, Josh 12:13, Josh 15:15, Josh 15:49, Josh 21:15, Judg 1:11, 1 Chr 6:58",0.0,0.0,N/A,N/A
Debir 2,TBC,TBC,Josh 15:7,TBC,TBC,31.816662,35.349994,N/A,N/A
Debir 3,Lo-debar,TBC,TBC,TBC,Josh 13:26,0.0,0.0,N/A,N/A
Decapolis,Damascus,region,TBC,TBC,"Matt 4:25, Mark 5:20, Mark 7:31",0.0,0.0,N/A,N/A
Dedan,TBC,TBC,"Jer 25:23, Jer 49:8, Ezek 25:13, Ezek 27:15, Ezek 27:20, Ezek 38:13",TBC,TBC,26.625139,37.919663,http://en.wikipedia.org/wiki/Al-%27Ula,http://en.wikipedia.org/wiki/Al-%27Ula
Derbe,Derbe,TBC,TBC,TBC,"Acts 14:6, Acts 14:20, Acts 16:1, Acts 20:4",0.0,0.0,N/A,N/A
Dibon 1,Dibon / Dibon-Gad,TBC,TBC,TBC,"Num 21:30, Num 32:3, Num 32:34, Josh 13:9, Josh 13:17, Isa 15:2, Isa 15:9, Jer 48:18, Jer 48:22",0.0,0.0,N/A,N/A
Dibon 2,Dimonah,TBC,TBC,TBC,Neh 11:25,0.0,0.0,N/A,N/A
Dibon-gad,Dibon 1,TBC,TBC,TBC,"Num 33:45, Num 33:46",0.0,0.0,N/A,N/A
Dilean,Lachish,TBC,TBC,TBC,Josh 15:38,0.0,0.0,N/A,N/A
Dimnah,TBC,TBC,Josh 21:35,TBC,TBC,32.781808,35.321364,N/A,N/A
Dimonah,Adadah,TBC,TBC,TBC,Josh 15:22,0.0,0.0,N/A,N/A
Dinhabah,TBC,TBC,"Gen 36:32, 1 Chr 1:43",TBC,TBC,30.336614,35.529889,N/A,N/A
Diviners' Oak,<Shechem,TBC,TBC,TBC,Judg 9:37,0.0,0.0,N/A,N/A
Dizahab,TBC,TBC,Deut 1:1,TBC,TBC,28.507836,34.516339,N/A,N/A
Dophkah,TBC,TBC,"Num 33:12, Num 33:13",TBC,TBC,28.770015,33.40046,N/A,N/A
Dor,Dor / Dora,TBC,TBC,TBC,"Josh 12:23, Josh 17:11, Judg 1:27, 1 Chr 7:29",0.0,0.0,N/A,N/A
Dothan,Dothan,TBC,TBC,TBC,"Gen 37:17, 2 Kgs 6:13",0.0,0.0,N/A,N/A
Dragon Spring,<Jerusalem,TBC,TBC,TBC,Neh 2:13,0.0,0.0,N/A,N/A
Dumah 1,TBC,TBC,Josh 15:52,TBC,TBC,31.43827,34.982762,N/A,N/A
Dumah 2,Arabia,TBC,TBC,TBC,Isa 21:11,0.0,0.0,N/A,N/A
Dung Gate,<Jerusalem,KMZ:Dung Gate,TBC,TBC,"Neh 2:13, Neh 3:13, Neh 3:14, Neh 12:31",0.0,0.0,N/A,N/A
Dura,Babylon,TBC,TBC,TBC,Dan 3:1,0.0,0.0,N/A,N/A
East,Ammon,TBC,TBC,TBC,"Judg 6:3, Judg 6:33, Judg 7:12, Judg 8:10, Ezek 25:4, Ezek 25:10",0.0,0.0,N/A,N/A
East Gate,<Jerusalem,TBC,TBC,TBC,Neh 3:29,0.0,0.0,N/A,N/A
Ebenezer,Mizpah 3,TBC,TBC,TBC,"1 Sam 4:1, 1 Sam 5:1, 1 Sam 7:12",0.0,0.0,N/A,N/A
Ebez,now Al-Bathan,TBC,Josh 19:20,TBC,TBC,32.261621,35.328129,N/A,N/A
Ebron,Abdon,TBC,TBC,TBC,Josh 19:28,0.0,0.0,N/A,N/A
Ecbatana,TBC,TBC,Ezra 6:2,TBC,TBC,34.798311,48.514966,N/A,N/A
Eden,-,TBC,TBC,TBC,"Gen 2:8, Gen 2:10, Gen 2:15, Gen 3:23, Gen 3:24, Gen 4:16, 2 Kgs 19:12, Isa 37:12, Isa 51:3, Ezek 27:23, Ezek 28:13, Ezek 31:9, Ezek 31:16, Ezek 31:18, Ezek 36:35, Joel 2:3",0.0,0.0,N/A,N/A
Eder 1,<Bethlehem 1,TBC,TBC,TBC,Gen 35:21,0.0,0.0,N/A,N/A
Eder 2,Jagur,TBC,TBC,TBC,Josh 15:21,0.0,0.0,N/A,N/A
Edom,Bozrah 1,TBC,TBC,TBC,"Gen 32:3, Gen 36:16, Gen 36:17, Gen 36:21, Gen 36:31, Gen 36:32, Gen 36:43, Ex 15:15, Num 20:14, Num 20:18, Num 20:20, Num 20:21, Num 20:23, Num 21:4, Num 24:18, Num 33:37, Num 34:3, Josh 15:1, Josh 15:21, Judg 5:4, Judg 11:17, Judg 11:18, 1 Sam 14:47, 2 Sam 8:12, 2 Sam 8:14, 1 Kgs 9:26, 1 Kgs 11:14, 1 Kgs 11:15, 1 Kgs 11:16, 1 Kgs 22:47, 2 Kgs 3:8, 2 Kgs 3:9, 2 Kgs 3:12, 2 Kgs 3:20, 2 Kgs 3:26, 2 Kgs 8:20, 2 Kgs 8:22, 2 Kgs 14:10, 1 Chr 1:43, 1 Chr 1:51, 1 Chr 1:54, 1 Chr 18:11, 1 Chr 18:13, 2 Chr 8:17, 2 Chr 20:2, 2 Chr 21:8, 2 Chr 21:10, 2 Chr 25:19, 2 Chr 25:20, Ps 60:1, Ps 60:8, Ps 60:9, Ps 83:6, Ps 108:9, Ps 108:10, Isa 11:14, Isa 34:5, Isa 34:6, Isa 34:9, Isa 63:1, Jer 9:26, Jer 25:21, Jer 27:3, Jer 40:11, Jer 49:7, Jer 49:17, Jer 49:20, Jer 49:22, Lam 4:21, Lam 4:22, Ezek 25:12, Ezek 25:13, Ezek 25:14, Ezek 32:29, Ezek 35:15, Ezek 36:5, Dan 11:41, Joel 3:19, Amos 1:6, Amos 1:9, Amos 1:11, Amos 2:1, Amos 9:12, Obad 1:1, Obad 1:8, Mal 1:4",0.0,0.0,N/A,N/A
Edrei,Edrei,TBC,TBC,TBC,"Num 21:33, Deut 1:4, Deut 3:1, Deut 3:10, Josh 12:4, Josh 13:12, Josh 13:31, Josh 19:37",0.0,0.0,N/A,N/A
Eglaim,Eneglaim,TBC,TBC,TBC,Isa 15:8,0.0,0.0,N/A,N/A
Eglath-shelishiyah,TBC,TBC,TBC,TBC,"Isa 15:5, Jer 48:34",0.0,0.0,N/A,N/A
Eglon,Eglon,TBC,TBC,TBC,"Josh 10:3, Josh 10:5, Josh 10:23, Josh 10:34, Josh 10:36, Josh 10:37, Josh 12:12, Josh 15:39",0.0,0.0,N/A,N/A
Egypt,Heliopolis,region,TBC,TBC,"Gen 12:10, Gen 12:11, Gen 12:14, Gen 13:1, Gen 13:10, Gen 15:18, Gen 21:21, Gen 25:18, Gen 26:2, Gen 37:25, Gen 37:28, Gen 37:36, Gen 39:1, Gen 40:1, Gen 40:5, Gen 41:8, Gen 41:19, Gen 41:29, Gen 41:30, Gen 41:33, Gen 41:34, Gen 41:36, Gen 41:41, Gen 41:43, Gen 41:44, Gen 41:45, Gen 41:46, Gen 41:48, Gen 41:53, Gen 41:54, Gen 41:55, Gen 41:56, Gen 41:57, Gen 42:1, Gen 42:2, Gen 42:3, Gen 43:2, Gen 43:15, Gen 45:4, Gen 45:8, Gen 45:9, Gen 45:13, Gen 45:18, Gen 45:19, Gen 45:20, Gen 45:23, Gen 45:25, Gen 45:26, Gen 46:3, Gen 46:4, Gen 46:6, Gen 46:7, Gen 46:8, Gen 46:20, Gen 46:26, Gen 46:27, Gen 47:6, Gen 47:11, Gen 47:13, Gen 47:14, Gen 47:15, Gen 47:20, Gen 47:21, Gen 47:26, Gen 47:27, Gen 47:28, Gen 47:29, Gen 47:30, Gen 48:5, Gen 50:7, Gen 50:14, Gen 50:22, Gen 50:26, Ex 1:1, Ex 1:5, Ex 1:8, Ex 1:15, Ex 1:17, Ex 1:18, Ex 2:23, Ex 3:7, Ex 3:10, Ex 3:11, Ex 3:12, Ex 3:16, Ex 3:17, Ex 3:18, Ex 3:19, Ex 3:20, Ex 4:18, Ex 4:19, Ex 4:20, Ex 4:21, Ex 5:4, Ex 5:12, Ex 6:11, Ex 6:13, Ex 6:26, Ex 6:27, Ex 6:28, Ex 6:29, Ex 7:3, Ex 7:4, Ex 7:5, Ex 7:11, Ex 7:19, Ex 7:21, Ex 7:22, Ex 8:5, Ex 8:6, Ex 8:7, Ex 8:16, Ex 8:17, Ex 8:24, Ex 9:4, Ex 9:9, Ex 9:18, Ex 9:22, Ex 9:23, Ex 9:24, Ex 9:25, Ex 10:7, Ex 10:12, Ex 10:13, Ex 10:14, Ex 10:15, Ex 10:19, Ex 10:21, Ex 10:22, Ex 11:1, Ex 11:3, Ex 11:4, Ex 11:5, Ex 11:6, Ex 11:7, Ex 11:9, Ex 12:1, Ex 12:12, Ex 12:13, Ex 12:17, Ex 12:27, Ex 12:29, Ex 12:30, Ex 12:39, Ex 12:40, Ex 12:41, Ex 12:42, Ex 12:51, Ex 13:3, Ex 13:8, Ex 13:9, Ex 13:14, Ex 13:15, Ex 13:16, Ex 13:17, Ex 13:18, Ex 14:5, Ex 14:7, Ex 14:8, Ex 14:11, Ex 14:12, Ex 14:20, Ex 16:1, Ex 16:3, Ex 16:6, Ex 16:32, Ex 17:3, Ex 18:1, Ex 19:1, Ex 20:2, Ex 22:21, Ex 23:9, Ex 23:15, Ex 29:46, Ex 32:1, Ex 32:4, Ex 32:7, Ex 32:8, Ex 32:11, Ex 32:23, Ex 33:1, Ex 34:18, Lev 11:45, Lev 18:3, Lev 19:34, Lev 19:36, Lev 22:33, Lev 23:43, Lev 25:38, Lev 25:42, Lev 25:55, Lev 26:13, Lev 26:45, Num 1:1, Num 3:13, Num 8:17, Num 9:1, Num 11:5, Num 11:18, Num 11:20, Num 13:22, Num 14:2, Num 14:3, Num 14:4, Num 14:19, Num 14:22, Num 15:41, Num 20:5, Num 20:15, Num 20:16, Num 21:5, Num 22:5, Num 22:11, Num 23:22, Num 24:8, Num 26:4, Num 26:59, Num 32:11, Num 33:1, Num 33:38, Deut 1:27, Deut 1:30, Deut 4:20, Deut 4:34, Deut 4:37, Deut 4:45, Deut 4:46, Deut 5:6, Deut 5:15, Deut 6:12, Deut 6:21, Deut 6:22, Deut 7:8, Deut 7:15, Deut 7:18, Deut 8:14, Deut 9:7, Deut 9:12, Deut 9:26, Deut 10:19, Deut 10:22, Deut 11:3, Deut 11:4, Deut 11:10, Deut 13:5, Deut 13:10, Deut 15:15, Deut 16:1, Deut 16:3, Deut 16:6, Deut 16:12, Deut 17:16, Deut 20:1, Deut 23:4, Deut 24:9, Deut 24:18, Deut 24:22, Deut 25:17, Deut 26:5, Deut 26:8, Deut 28:27, Deut 28:60, Deut 28:68, Deut 29:2, Deut 29:16, Deut 29:25, Deut 34:11, Josh 2:10, Josh 5:4, Josh 5:5, Josh 5:6, Josh 5:9, Josh 9:9, Josh 13:3, Josh 24:4, Josh 24:5, Josh 24:6, Josh 24:7, Josh 24:14, Josh 24:17, Josh 24:32, Judg 2:1, Judg 2:12, Judg 6:8, Judg 6:13, Judg 11:13, Judg 11:16, Judg 19:30, 1 Sam 2:27, 1 Sam 8:8, 1 Sam 10:18, 1 Sam 12:6, 1 Sam 12:8, 1 Sam 15:2, 1 Sam 15:6, 1 Sam 15:7, 1 Sam 27:8, 1 Sam 30:13, 2 Sam 7:6, 2 Sam 7:23, 1 Kgs 3:1, 1 Kgs 4:21, 1 Kgs 4:30, 1 Kgs 6:1, 1 Kgs 8:9, 1 Kgs 8:16, 1 Kgs 8:21, 1 Kgs 8:51, 1 Kgs 8:53, 1 Kgs 8:65, 1 Kgs 9:9, 1 Kgs 9:16, 1 Kgs 10:28, 1 Kgs 10:29, 1 Kgs 11:17, 1 Kgs 11:18, 1 Kgs 11:21, 1 Kgs 11:40, 1 Kgs 12:2, 1 Kgs 12:28, 1 Kgs 14:25, 2 Kgs 7:6, 2 Kgs 17:4, 2 Kgs 17:7, 2 Kgs 17:36, 2 Kgs 18:21, 2 Kgs 18:24, 2 Kgs 19:24, 2 Kgs 21:15, 2 Kgs 23:29, 2 Kgs 23:34, 2 Kgs 24:7, 2 Kgs 25:26, 1 Chr 13:5, 1 Chr 17:21, 2 Chr 1:16, 2 Chr 1:17, 2 Chr 5:10, 2 Chr 6:5, 2 Chr 7:22, 2 Chr 9:26, 2 Chr 9:28, 2 Chr 10:2, 2 Chr 12:2, 2 Chr 12:3, 2 Chr 12:9, 2 Chr 20:10, 2 Chr 26:8, 2 Chr 35:20, 2 Chr 36:3, 2 Chr 36:4, Neh 9:9, Neh 9:17, Neh 9:18, Ps 68:31, Ps 78:12, Ps 78:43, Ps 78:51, Ps 80:8, Ps 81:5, Ps 81:10, Ps 105:23, Ps 105:38, Ps 106:7, Ps 106:21, Ps 114:1, Ps 135:8, Ps 135:9, Ps 136:10, Isa 7:18, Isa 10:26, Isa 11:11, Isa 11:16, Isa 19:1, Isa 19:12, Isa 19:13, Isa 19:14, Isa 19:15, Isa 19:18, Isa 19:19, Isa 19:20, Isa 19:22, Isa 19:23, Isa 19:24, Isa 19:25, Isa 20:3, Isa 20:4, Isa 20:5, Isa 23:5, Isa 27:13, Isa 30:2, Isa 30:3, Isa 31:1, Isa 36:6, Isa 36:9, Isa 37:25, Isa 43:3, Isa 45:14, Isa 52:4, Jer 2:6, Jer 2:18, Jer 2:36, Jer 7:22, Jer 7:25, Jer 9:26, Jer 11:4, Jer 11:7, Jer 16:14, Jer 23:7, Jer 24:8, Jer 25:19, Jer 26:21, Jer 26:22, Jer 26:23, Jer 31:32, Jer 32:20, Jer 32:21, Jer 34:13, Jer 37:5, Jer 37:7, Jer 41:17, Jer 42:14, Jer 42:15, Jer 42:16, Jer 42:17, Jer 42:18, Jer 42:19, Jer 43:2, Jer 43:7, Jer 43:11, Jer 43:12, Jer 43:13, Jer 44:1, Jer 44:8, Jer 44:12, Jer 44:13, Jer 44:14, Jer 44:15, Jer 44:24, Jer 44:26, Jer 44:27, Jer 44:28, Jer 44:30, Jer 46:2, Jer 46:8, Jer 46:11, Jer 46:13, Jer 46:14, Jer 46:17, Jer 46:19, Jer 46:20, Jer 46:24, Jer 46:25, Jer 46:26, Lam 5:6, Ezek 17:15, Ezek 19:4, Ezek 20:5, Ezek 20:6, Ezek 20:7, Ezek 20:8, Ezek 20:9, Ezek 20:10, Ezek 20:36, Ezek 23:3, Ezek 23:8, Ezek 23:19, Ezek 23:27, Ezek 27:7, Ezek 29:2, Ezek 29:3, Ezek 29:6, Ezek 29:9, Ezek 29:10, Ezek 29:12, Ezek 29:14, Ezek 29:19, Ezek 29:20, Ezek 30:4, Ezek 30:6, Ezek 30:8, Ezek 30:10, Ezek 30:11, Ezek 30:13, Ezek 30:15, Ezek 30:16, Ezek 30:18, Ezek 30:19, Ezek 30:21, Ezek 30:22, Ezek 30:25, Ezek 31:2, Ezek 32:2, Ezek 32:12, Ezek 32:15, Ezek 32:16, Ezek 32:18, Ezek 32:20, Dan 9:15, Dan 11:8, Dan 11:42, Dan 11:43, Hos 2:15, Hos 7:11, Hos 7:16, Hos 8:13, Hos 9:3, Hos 9:6, Hos 11:1, Hos 11:5, Hos 11:11, Hos 12:1, Hos 12:9, Hos 12:13, Hos 13:4, Joel 3:19, Amos 2:10, Amos 3:1, Amos 3:9, Amos 4:10, Amos 8:8, Amos 9:5, Amos 9:7, Mic 6:4, Mic 7:12, Mic 7:15, Nahum 3:9, Hag 2:5, Zech 10:10, Zech 10:11, Zech 14:18, Zech 14:19, Matt 2:13, Matt 2:14, Matt 2:15, Matt 2:19, Acts 2:10, Acts 7:9, Acts 7:10, Acts 7:11, Acts 7:12, Acts 7:15, Acts 7:17, Acts 7:18, Acts 7:34, Acts 7:36, Acts 7:39, Acts 7:40, Acts 13:17, Heb 3:16, Heb 8:9, Heb 11:26, Heb 11:27, Jude 1:5, Rev 11:8",0.0,0.0,N/A,N/A
Egypt's,Egypt,TBC,TBC,TBC,"Isa 19:6, Isa 30:7, Ezek 30:9",0.0,0.0,N/A,N/A
Ekron,Ekron,TBC,TBC,TBC,"Josh 13:3, Josh 15:11, Josh 15:45, Josh 15:46, Josh 19:43, Judg 1:18, 1 Sam 5:10, 1 Sam 6:16, 1 Sam 6:17, 1 Sam 7:14, 1 Sam 17:52, 2 Kgs 1:2, 2 Kgs 1:3, 2 Kgs 1:6, 2 Kgs 1:16, Jer 25:20, Amos 1:8, Zeph 2:4, Zech 9:5, Zech 9:7",0.0,0.0,N/A,N/A
Elam,Susa,region,TBC,TBC,"Gen 14:1, Gen 14:9, Isa 11:11, Isa 21:2, Isa 22:6, Jer 25:25, Jer 49:34, Jer 49:35, Jer 49:36, Jer 49:37, Jer 49:38, Jer 49:39, Ezek 32:24, Dan 8:2",0.0,0.0,N/A,N/A
Elath,TBC,TBC,"Deut 2:8, 2 Kgs 14:22, 2 Kgs 16:6",TBC,TBC,29.528502,35.005732,N/A,N/A
El-bethel,<Bethel 1,TBC,TBC,TBC,Gen 35:7,0.0,0.0,N/A,N/A
Elealeh,TBC,TBC,"Num 32:3, Num 32:37, Isa 15:4, Isa 16:9, Jer 48:34",TBC,TBC,31.813796,35.824275,N/A,N/A
Elim,TBC,TBC,"Ex 15:27, Ex 16:1, Num 33:9, Num 33:10",TBC,TBC,29.306194,32.980924,N/A,N/A
Elishah,Cyprus,TBC,TBC,TBC,Ezek 27:7,0.0,0.0,N/A,N/A
Elkosh,TBC,TBC,TBC,TBC,Nahum 1:1,0.0,0.0,N/A,N/A
Ellasar,region; http://en.wikipedia.org/wiki/Urkesh,TBC,"Gen 14:1, Gen 14:9",TBC,TBC,37.056944,40.997222,N/A,http://en.wikipedia.org/wiki/Urkesh
Elon,TBC,TBC,Josh 19:43,TBC,TBC,31.973818,35.116531,N/A,N/A
Elonbeth-hanan,TBC,TBC,1 Kgs 4:9,TBC,TBC,31.852593,35.109078,N/A,N/A
Eloth,Elath,TBC,TBC,TBC,"1 Kgs 9:26, 2 Chr 8:17, 2 Chr 26:2",0.0,0.0,N/A,N/A
El-paran,Paran,TBC,TBC,TBC,Gen 14:6,0.0,0.0,N/A,N/A
Elteke,Eltekeh,TBC,TBC,TBC,Josh 21:23,0.0,0.0,N/A,N/A
Eltekeh,TBC,TBC,Josh 19:44,TBC,TBC,31.869521,35.06688,N/A,N/A
Eltekon,from tyndale,TBC,Josh 15:59,TBC,TBC,31.66057,34.995406,N/A,N/A
Eltolad,Chesil,TBC,TBC,TBC,"Josh 15:30, Josh 19:4",0.0,0.0,N/A,N/A
Emek-keziz,Beth-hoglah,TBC,TBC,TBC,Josh 18:21,0.0,0.0,N/A,N/A
Emmaus,Emmaus,TBC,TBC,TBC,Luke 24:13,0.0,0.0,N/A,N/A
Enaim,Timnah 1,TBC,TBC,TBC,"Gen 38:14, Gen 38:21",0.0,0.0,N/A,N/A
Enam,TBC,TBC,Josh 15:34,TBC,TBC,32.15,35.126,N/A,N/A
En-dor,Endor,TBC,TBC,TBC,"Josh 17:11, 1 Sam 28:7, Ps 83:10",0.0,0.0,N/A,N/A
Eneglaim,TBC,TBC,Ezek 47:10,TBC,TBC,30.998062,35.498547,N/A,N/A
En-gannim 1,TBC,TBC,Josh 15:34,TBC,TBC,31.75,34.950106,N/A,N/A
En-gannim 2,En-gannim,TBC,TBC,TBC,"Josh 19:21, Josh 21:29",0.0,0.0,N/A,N/A
Engedi,En Gedi,TBC,TBC,TBC,"Josh 15:62, 1 Sam 23:29, 1 Sam 24:1, 2 Chr 20:2, Sng 1:14, Ezek 47:10",0.0,0.0,N/A,N/A
En-haddah,TBC,TBC,Josh 19:21,TBC,TBC,32.478425,35.254452,N/A,N/A
En-hakkore,Lehi,TBC,TBC,TBC,Judg 15:19,0.0,0.0,N/A,N/A
En-hazor,TBC,TBC,Josh 19:37,TBC,TBC,33.1,35.35,N/A,N/A
En-mishpat,Kadesh-barnea,TBC,TBC,TBC,Gen 14:7,0.0,0.0,N/A,N/A
En-rimmon,Ain 2,TBC,TBC,TBC,Neh 11:29,0.0,0.0,N/A,N/A
En-rogel,TBC,TBC,"Josh 15:7, Josh 18:16, 2 Sam 17:17, 1 Kgs 1:9",TBC,TBC,31.767775,35.234408,N/A,N/A
En-shemesh,TBC,TBC,"Josh 15:7, Josh 18:17",TBC,TBC,31.77402,35.270231,N/A,N/A
En-tappuah,Tappuah 1,TBC,TBC,TBC,Josh 17:7,0.0,0.0,N/A,N/A
Ephah,Midian,TBC,TBC,TBC,Isa 60:6,0.0,0.0,N/A,N/A
Ephes-dammim,TBC,TBC,1 Sam 17:1,TBC,TBC,31.691186,34.944496,N/A,N/A
Ephesus,Ephesus,TBC,TBC,TBC,"Acts 18:19, Acts 18:21, Acts 18:24, Acts 19:1, Acts 19:17, Acts 19:26, Acts 19:35, Acts 20:16, Acts 20:17, 1 Cor 15:32, 1 Cor 16:8, Eph 1:1, 1 Tim 1:3, 2 Tim 1:18, 2 Tim 4:12, Rev 1:11, Rev 2:1",0.0,0.0,N/A,N/A
Ephraim,Ophrah 1,TBC,TBC,TBC,John 11:54,0.0,0.0,N/A,N/A
Ephraim Gate,<Jerusalem,TBC,TBC,TBC,"2 Kgs 14:13, 2 Chr 25:23",0.0,0.0,N/A,N/A
Ephrath,Bethlehem 1,TBC,TBC,TBC,"Gen 35:16, Gen 35:19, Gen 48:7",0.0,0.0,N/A,N/A
Ephrathah,Bethlehem 1,TBC,TBC,TBC,"Ruth 4:11, Ps 132:6",0.0,0.0,N/A,N/A
Ephron 1,Mount Ephron,TBC,TBC,TBC,Josh 18:15,0.0,0.0,N/A,N/A
Ephron 2,Ophrah 1,TBC,TBC,TBC,2 Chr 13:19,0.0,0.0,N/A,N/A
Erech,now Uruk,TBC,"Gen 10:10, Ezra 4:9",TBC,TBC,32.322222,45.636111,N/A,N/A
Esau,Edom,TBC,TBC,TBC,"Gen 36:40, Jer 49:10, Obad 1:6, Obad 1:18",0.0,0.0,N/A,N/A
Esek,Gerar,TBC,TBC,TBC,Gen 26:20,0.0,0.0,N/A,N/A
Eshan,TBC,TBC,Josh 15:52,TBC,TBC,31.420175,35.033537,N/A,N/A
Eshtaol,TBC,TBC,"Josh 15:33, Josh 19:41, Judg 13:25, Judg 16:31, Judg 18:2, Judg 18:8, Judg 18:11",TBC,TBC,31.782429,35.009012,N/A,N/A
Eshtemoa,Anim,TBC,TBC,TBC,"Josh 21:14, 1 Sam 30:28, 1 Chr 6:57",0.0,0.0,N/A,N/A
Eshtemoh,Anim,TBC,TBC,TBC,Josh 15:50,0.0,0.0,N/A,N/A
Etam 1,http://www.tiuli.com/english/Judean_Mountains/Judean_Mountains.asp,TBC,"Judg 15:8, Judg 15:11",TBC,TBC,31.736294,35.05485,N/A,http://www.tiuli.com/english/Judean_Mountains/Judean_Mountains.asp
Etam 2,Ain 2,TBC,TBC,TBC,1 Chr 4:32,0.0,0.0,N/A,N/A
Etam 3,TBC,TBC,2 Chr 11:6,TBC,TBC,31.686465,35.17474,now Khirbet el Khokh; palestine-family.net/index.phpnav=8-18&cid=17&did=193,N/A
Etham,TBC,TBC,"Ex 13:20, Num 33:6, Num 33:7, Num 33:8",TBC,TBC,30.467511,32.282767,N/A,N/A
Ether,Ashnah,TBC,TBC,TBC,"Josh 15:42, Josh 19:7",0.0,0.0,N/A,N/A
Ethiopia,region,TBC,"Est 1:1, Est 8:9, Job 28:19",TBC,TBC,21.959788,31.343557,N/A,N/A
Eth-kazin,Rimmon 3,TBC,TBC,TBC,Josh 19:13,0.0,0.0,N/A,N/A
Euphrates,river,TBC,"Gen 2:14, Gen 15:18, Gen 31:21, Gen 36:37, Ex 23:31, Deut 1:7, Deut 11:24, Josh 1:4, Josh 24:2, 2 Sam 8:3, 2 Sam 10:16, 1 Kgs 4:21, 1 Kgs 4:24, 1 Kgs 14:15, 2 Kgs 23:29, 2 Kgs 24:7, 1 Chr 1:48, 1 Chr 5:9, 1 Chr 18:3, 1 Chr 19:16, 2 Chr 9:26, 2 Chr 35:20, Isa 27:12, Jer 2:18, Jer 13:4, Jer 13:5, Jer 13:6, Jer 13:7, Jer 46:2, Jer 46:6, Jer 46:10, Jer 51:63, Rev 9:14, Rev 16:12",TBC,TBC,35.090577,40.42778,N/A,N/A
Ezem,Eltolad,TBC,TBC,TBC,"Josh 15:29, Josh 19:3, 1 Chr 4:29",0.0,0.0,N/A,N/A
Ezion-geber,Ezion Geber,TBC,TBC,TBC,"Num 33:35, Num 33:36, Deut 2:8, 1 Kgs 9:26, 1 Kgs 22:48, 2 Chr 8:17, 2 Chr 20:36",0.0,0.0,N/A,N/A
Fair Havens,Fair Havens,TBC,TBC,TBC,Acts 27:8,0.0,0.0,N/A,N/A
Field of Blood,Akeldama,TBC,TBC,TBC,"Matt 27:8, Acts 1:19",0.0,0.0,N/A,N/A
Fish Gate,<Jerusalem,TBC,TBC,TBC,"2 Chr 33:14, Neh 3:3, Neh 12:39, Zeph 1:10",0.0,0.0,N/A,N/A
Forum of Appius,TBC,TBC,Acts 28:15,TBC,TBC,41.468706,12.993929,http://gnswww.nga.mil/geonames/Gazetteer/Search/Results.jspFeature__Unique_Feature_ID=-117178&Diacritics=Yes&reload=1,http://gnswww.nga.mil/geonames/Gazetteer/Search/Results.jspFeature__Unique_Feature_ID=-117178&Diacritics=Yes&reload=1
Fountain Gate,<Jerusalem,TBC,TBC,TBC,"Neh 2:14, Neh 3:15, Neh 12:37",0.0,0.0,N/A,N/A
Gaash,Timnath-heres,TBC,TBC,TBC,"Josh 24:30, Judg 2:9, 2 Sam 23:30, 1 Chr 11:32",0.0,0.0,N/A,N/A
Gabbatha,Jerusalem,TBC,TBC,TBC,John 19:13,0.0,0.0,N/A,N/A
Galatia,Lystra,TBC,TBC,TBC,"Acts 16:6, Acts 18:23, 1 Cor 16:1, Gal 1:2, 2 Tim 4:10, 1 Pet 1:1",0.0,0.0,N/A,N/A
Galeed,Mizpah 1,TBC,TBC,TBC,"Gen 31:47, Gen 31:48",0.0,0.0,N/A,N/A
Galilee,Nazareth,region,TBC,TBC,"Josh 12:23, Josh 20:7, Josh 21:32, 1 Kgs 9:11, 2 Kgs 15:29, 1 Chr 6:76, Isa 9:1, Matt 2:22, Matt 3:13, Matt 4:12, Matt 4:15, Matt 4:23, Matt 4:25, Matt 17:22, Matt 19:1, Matt 21:11, Matt 26:32, Matt 27:55, Matt 28:7, Matt 28:10, Matt 28:16, Mark 1:9, Mark 1:14, Mark 1:28, Mark 1:39, Mark 3:7, Mark 6:21, Mark 9:30, Mark 14:28, Mark 15:41, Mark 16:7, Luke 1:26, Luke 2:4, Luke 2:39, Luke 3:1, Luke 4:14, Luke 4:31, Luke 5:17, Luke 8:26, Luke 17:11, Luke 23:5, Luke 23:49, Luke 23:55, Luke 24:6, John 1:43, John 2:1, John 2:11, John 4:3, John 4:43, John 4:45, John 4:46, John 4:47, John 4:54, John 7:1, John 7:9, John 7:41, John 7:52, John 12:21, John 21:2, Acts 1:11, Acts 9:31, Acts 10:37, Acts 13:31",0.0,0.0,N/A,N/A
Gallim,TBC,TBC,"1 Sam 25:44, Isa 10:30",TBC,TBC,31.816667,35.25,N/A,N/A
Gamad,Arvad,TBC,TBC,TBC,Ezek 27:11,0.0,0.0,N/A,N/A
Gareb,<Jerusalem,TBC,TBC,TBC,Jer 31:39,0.0,0.0,N/A,N/A
Gate of Benjamin,<Jerusalem,TBC,TBC,TBC,Zech 14:10,0.0,0.0,N/A,N/A
Gate of Ephraim,<Jerusalem,TBC,TBC,TBC,"Neh 8:16, Neh 12:39",0.0,0.0,N/A,N/A
Gate of Yeshanah,<Jerusalem,TBC,TBC,TBC,"Neh 3:6, Neh 12:39",0.0,0.0,N/A,N/A
Gate of the Foundation,<Jerusalem,TBC,TBC,TBC,2 Chr 23:5,0.0,0.0,N/A,N/A
Gate of the Guard,<Jerusalem,TBC,TBC,TBC,Neh 12:39,0.0,0.0,N/A,N/A
Gath,Gath,TBC,TBC,TBC,"Josh 11:22, Josh 13:3, 1 Sam 5:8, 1 Sam 6:17, 1 Sam 7:14, 1 Sam 17:4, 1 Sam 17:23, 1 Sam 17:52, 1 Sam 21:10, 1 Sam 21:12, 1 Sam 27:2, 1 Sam 27:3, 1 Sam 27:4, 1 Sam 27:11, 2 Sam 1:20, 2 Sam 15:18, 2 Sam 21:20, 2 Sam 21:22, 1 Kgs 2:39, 1 Kgs 2:40, 1 Kgs 2:41, 2 Kgs 12:17, 1 Chr 7:21, 1 Chr 8:13, 1 Chr 18:1, 1 Chr 20:6, 1 Chr 20:8, 2 Chr 11:8, 2 Chr 26:6, Ps 56:1, Amos 6:2, Mic 1:10",0.0,0.0,N/A,N/A
Gath-hepher,Gath Hepher,TBC,TBC,TBC,"Josh 19:13, 2 Kgs 14:25",0.0,0.0,N/A,N/A
Gath-rimmon 1,Gath Rimmon,TBC,TBC,TBC,"Josh 19:45, Josh 21:24, 1 Chr 6:69",0.0,0.0,N/A,N/A
Gath-rimmon 2,Bileam,TBC,TBC,TBC,Josh 21:25,0.0,0.0,N/A,N/A
Gaza,Gaza,TBC,TBC,TBC,"Gen 10:19, Deut 2:23, Josh 10:41, Josh 11:22, Josh 13:3, Josh 15:47, Judg 1:18, Judg 6:4, Judg 16:1, Judg 16:21, 1 Sam 6:17, 1 Kgs 4:24, 2 Kgs 18:8, Jer 25:20, Jer 47:1, Jer 47:5, Amos 1:6, Amos 1:7, Zeph 2:4, Zech 9:5, Acts 8:26",0.0,0.0,N/A,N/A
Geba 1,Geba / Gibeon,TBC,TBC,TBC,"Josh 18:24, Josh 21:17, 1 Sam 13:3, 1 Sam 13:16, 1 Sam 14:5, 1 Kgs 15:22, 2 Kgs 23:8, 1 Chr 6:60, 1 Chr 8:6, 2 Chr 16:6, Ezra 2:26, Neh 7:30, Neh 11:31, Neh 12:29, Isa 10:29, Zech 14:10",0.0,0.0,N/A,N/A
Geba 2,Gibeon,TBC,TBC,TBC,2 Sam 5:25,0.0,0.0,N/A,N/A
Gebal,Gebal,TBC,TBC,TBC,"1 Kgs 5:18, Ps 83:7, Ezek 27:9",0.0,0.0,N/A,N/A
Gebim,TBC,TBC,Isa 10:31,TBC,TBC,31.8,35.25,N/A,N/A
Geder,Gedor 1,TBC,TBC,TBC,Josh 12:13,0.0,0.0,N/A,N/A
Gederah,TBC,TBC,"Josh 15:36, 1 Chr 4:23, 1 Chr 12:4",TBC,TBC,31.823337,34.777779,N/A,N/A
Gederoth,Gederah,TBC,TBC,TBC,"Josh 15:41, 2 Chr 28:18",0.0,0.0,N/A,N/A
Gederothaim,Gederoth,TBC,TBC,TBC,Josh 15:36,0.0,0.0,N/A,N/A
Gedor 1,TBC,TBC,"Josh 15:58, 1 Chr 12:7",TBC,TBC,31.63333,35.083333,N/A,N/A
Gedor 2,Gederoth,TBC,TBC,TBC,1 Chr 4:39,0.0,0.0,N/A,N/A
Geliloth,Gilgal 1,TBC,TBC,TBC,Josh 18:17,0.0,0.0,N/A,N/A
Gennesaret,Gennesaret,TBC,TBC,TBC,"Matt 14:34, Mark 6:53, Luke 5:1",0.0,0.0,N/A,N/A
Gerar,Gerar,TBC,TBC,TBC,"Gen 10:19, Gen 20:1, Gen 20:2, Gen 26:1, Gen 26:6, Gen 26:20, Gen 26:26, 2 Chr 14:13, 2 Chr 14:14",0.0,0.0,N/A,N/A
Geruth Chimham,Bethlehem 1,TBC,TBC,TBC,Jer 41:17,0.0,0.0,N/A,N/A
Geshur,TBC,TBC,"Josh 13:13, 2 Sam 3:3, 2 Sam 13:37, 2 Sam 13:38, 2 Sam 14:23, 2 Sam 14:32, 2 Sam 15:8, 1 Chr 2:23, 1 Chr 3:2",TBC,TBC,33.0,36.41667,N/A,N/A
Gethsemane,Jerusalem,TBC,TBC,TBC,"Matt 26:36, Mark 14:32",0.0,0.0,N/A,N/A
Gezer,Gezer,TBC,TBC,TBC,"Josh 10:33, Josh 12:12, Josh 16:3, Josh 16:10, Josh 21:21, Judg 1:29, 2 Sam 5:25, 1 Kgs 9:15, 1 Kgs 9:16, 1 Kgs 9:17, 1 Chr 6:67, 1 Chr 7:28, 1 Chr 14:16, 1 Chr 20:4",0.0,0.0,N/A,N/A
Giah,Ammah,TBC,TBC,TBC,2 Sam 2:24,0.0,0.0,N/A,N/A
Gibbethon,now Qibya,TBC,"Josh 19:44, Josh 21:23, 1 Kgs 15:27, 1 Kgs 16:15, 1 Kgs 16:17",TBC,TBC,31.976623,35.004896,N/A,N/A
Gibeah 1,Gibeah,TBC,TBC,TBC,"Josh 18:28, Josh 24:33, Judg 19:12, Judg 19:13, Judg 19:14, Judg 19:15, Judg 19:16, Judg 20:4, Judg 20:5, Judg 20:9, Judg 20:10, Judg 20:13, Judg 20:14, Judg 20:15, Judg 20:19, Judg 20:20, Judg 20:21, Judg 20:25, Judg 20:29, Judg 20:30, Judg 20:31, Judg 20:34, Judg 20:36, Judg 20:37, Judg 20:43, 1 Sam 10:10, 1 Sam 10:26, 1 Sam 11:4, 1 Sam 13:2, 1 Sam 13:15, 1 Sam 14:2, 1 Sam 14:16, 1 Sam 15:34, 1 Sam 22:6, 1 Sam 23:19, 1 Sam 26:1, 2 Sam 21:6, 2 Sam 23:29, 1 Chr 11:31, 1 Chr 12:3, Isa 10:29, Hos 5:8, Hos 9:9, Hos 10:9",0.0,0.0,N/A,N/A
Gibeah 2,Carmel,TBC,TBC,TBC,"Josh 15:57, 2 Chr 13:2",0.0,0.0,N/A,N/A
Gibeath-elohim,Tabor 3,TBC,TBC,TBC,1 Sam 10:5,0.0,0.0,N/A,N/A
Gibeath-haaraloth,Gilgal 1,TBC,TBC,TBC,Josh 5:3,0.0,0.0,N/A,N/A
Gibeon,Gibeon,TBC,TBC,TBC,"Josh 9:3, Josh 9:17, Josh 10:1, Josh 10:2, Josh 10:4, Josh 10:5, Josh 10:6, Josh 10:10, Josh 10:12, Josh 10:41, Josh 11:19, Josh 18:25, Josh 21:17, 2 Sam 2:12, 2 Sam 2:13, 2 Sam 2:16, 2 Sam 2:24, 2 Sam 3:30, 2 Sam 20:8, 1 Kgs 3:4, 1 Kgs 3:5, 1 Kgs 9:2, 1 Chr 6:60, 1 Chr 8:29, 1 Chr 9:35, 1 Chr 12:4, 1 Chr 14:16, 1 Chr 16:39, 1 Chr 21:29, 2 Chr 1:3, 2 Chr 1:13, Neh 3:7, Neh 7:25, Jer 28:1, Jer 41:12, Jer 41:16",0.0,0.0,N/A,N/A
Gidom,Rimmon 1,TBC,TBC,TBC,Judg 20:45,0.0,0.0,N/A,N/A
Gihon 1,TBC,TBC,TBC,TBC,Gen 2:13,0.0,0.0,N/A,N/A
Gihon 2,TBC,TBC,"1 Kgs 1:33, 1 Kgs 1:38, 1 Kgs 1:45, 2 Chr 32:30, 2 Chr 33:14",TBC,TBC,31.773116,35.237186,N/A,N/A
Gilboa,TBC,TBC,"1 Sam 28:4, 2 Sam 1:21, 2 Sam 21:12",TBC,TBC,32.516667,35.4,N/A,N/A
Gilead,region,TBC,"Gen 31:21, Gen 31:23, Gen 31:25, Gen 37:25, Num 32:1, Num 32:26, Num 32:29, Num 32:39, Num 32:40, Deut 2:36, Deut 3:10, Deut 3:12, Deut 3:13, Deut 3:15, Deut 3:16, Deut 4:43, Deut 34:1, Josh 12:2, Josh 12:5, Josh 13:11, Josh 13:25, Josh 13:31, Josh 17:1, Josh 17:5, Josh 17:6, Josh 20:8, Josh 21:38, Josh 22:9, Josh 22:13, Josh 22:15, Josh 22:32, Judg 5:17, Judg 10:4, Judg 10:8, Judg 10:17, Judg 10:18, Judg 11:5, Judg 11:7, Judg 11:8, Judg 11:9, Judg 11:10, Judg 11:11, Judg 11:29, Judg 12:4, Judg 12:5, Judg 12:7, Judg 20:1, 1 Sam 13:7, 2 Sam 2:9, 2 Sam 17:26, 2 Sam 24:6, 1 Kgs 4:13, 1 Kgs 4:19, 1 Kgs 17:1, 2 Kgs 10:33, 2 Kgs 15:25, 2 Kgs 15:29, 1 Chr 2:22, 1 Chr 5:9, 1 Chr 5:10, 1 Chr 5:16, 1 Chr 6:80, 1 Chr 26:31, 1 Chr 27:21, Ps 60:7, Ps 108:8, Sng 4:1, Sng 6:5, Jer 8:22, Jer 22:6, Jer 46:11, Jer 50:19, Ezek 47:18, Hos 6:8, Hos 12:11, Amos 1:3, Amos 1:13, Obad 1:19, Mic 7:14, Zech 10:10",TBC,TBC,32.042523,35.724241,N/A,N/A
Gilgal 1,Gilgal,TBC,TBC,TBC,"Deut 11:30, Josh 4:19, Josh 4:20, Josh 5:9, Josh 5:10, Josh 9:6, Josh 10:6, Josh 10:7, Josh 10:9, Josh 10:15, Josh 10:43, Josh 14:6, Josh 15:7, Judg 2:1, Judg 3:19, 1 Sam 7:16, 1 Sam 10:8, 1 Sam 11:14, 1 Sam 11:15, 1 Sam 13:4, 1 Sam 13:7, 1 Sam 13:8, 1 Sam 13:12, 1 Sam 13:15, 1 Sam 15:12, 1 Sam 15:21, 1 Sam 15:33, 2 Sam 19:15, 2 Sam 19:40, Hos 4:15, Hos 9:15, Hos 12:11, Amos 4:4, Amos 5:5, Mic 6:5",0.0,0.0,N/A,N/A
Gilgal 2,TBC,TBC,"2 Kgs 2:1, 2 Kgs 4:38",TBC,TBC,32.029737,35.222604,N/A,N/A
Gilo,Giloh,TBC,TBC,TBC,2 Sam 23:34,0.0,0.0,N/A,N/A
Giloh,TBC,TBC,"Josh 15:51, 2 Sam 15:12",TBC,TBC,31.616667,35.083333,N/A,N/A
Gimzo,TBC,TBC,2 Chr 28:18,TBC,TBC,31.928659,34.943219,N/A,N/A
Gittaim,Hadid,TBC,TBC,TBC,"2 Sam 4:3, Neh 11:33",0.0,0.0,N/A,N/A
Goah,<Jerusalem,TBC,TBC,TBC,Jer 31:39,0.0,0.0,N/A,N/A
Gob,Gezer,TBC,TBC,TBC,"2 Sam 21:18, 2 Sam 21:19",0.0,0.0,N/A,N/A
Gog,region,TBC,Rev 20:8,TBC,TBC,46.0,47.0,N/A,N/A
Goiim,TBC,TBC,TBC,TBC,"Gen 14:1, Gen 14:9, Josh 12:23",0.0,0.0,N/A,N/A
Golan,Golan,TBC,TBC,TBC,"Deut 4:43, Josh 20:8, Josh 21:27, 1 Chr 6:71",0.0,0.0,N/A,N/A
Golgotha,<Jerusalem,TBC,TBC,TBC,"Matt 27:33, Mark 15:22, John 19:17",0.0,0.0,N/A,N/A
Gomer,TBC,TBC,TBC,TBC,Ezek 38:6,0.0,0.0,N/A,N/A
Gomorrah,Gomorrah,TBC,TBC,TBC,"Gen 10:19, Gen 13:10, Gen 14:2, Gen 14:8, Gen 14:10, Gen 14:11, Gen 18:20, Gen 19:24, Gen 19:28, Deut 29:23, Deut 32:32, Isa 1:9, Isa 1:10, Isa 13:19, Jer 23:14, Jer 49:18, Jer 50:40, Amos 4:11, Zeph 2:9, Matt 10:15, Rom 9:29, 2 Pet 2:6, Jude 1:7",0.0,0.0,N/A,N/A
Goshen 1,Goshen,TBC,TBC,TBC,"Gen 45:10, Gen 46:28, Gen 46:29, Gen 46:34, Gen 47:1, Gen 47:4, Gen 47:6, Gen 47:27, Gen 50:8, Ex 8:22, Ex 9:26",0.0,0.0,N/A,N/A
Goshen 2,TBC,TBC,"Josh 10:41, Josh 11:16, Josh 15:51",TBC,TBC,31.45,34.916667,N/A,N/A
Gozan,from harper,TBC,"2 Kgs 17:6, 2 Kgs 18:11, 2 Kgs 19:12, 1 Chr 5:26, Isa 37:12",TBC,TBC,36.840013,40.06889,N/A,N/A
Great Sea,sea,TBC,"Num 34:6, Num 34:7, Josh 1:4, Josh 9:1, Josh 15:12, Josh 15:47, Josh 23:4, Ezek 47:10, Ezek 47:15, Ezek 47:19, Ezek 47:20, Ezek 48:28",TBC,TBC,33.24,33.47,N/A,N/A
Great Sidon,Sidon,TBC,TBC,TBC,Josh 11:8,0.0,0.0,N/A,N/A
Greece,Athens,region,TBC,TBC,"Dan 8:21, Dan 10:20, Dan 11:2, Zech 9:13, Acts 20:2",0.0,0.0,N/A,N/A
Gudgodah,Hor-haggidgad,TBC,TBC,TBC,Deut 10:7,0.0,0.0,N/A,N/A
Gur,Ibleam,TBC,TBC,TBC,2 Kgs 9:27,0.0,0.0,N/A,N/A
Gurbaal,Edom,TBC,TBC,TBC,2 Chr 26:7,0.0,0.0,N/A,N/A
Habor,river,TBC,"2 Kgs 17:6, 2 Kgs 18:11, 1 Chr 5:26",TBC,TBC,36.344972,40.789333,N/A,N/A
Hachilah,TBC,TBC,"1 Sam 23:19, 1 Sam 26:1, 1 Sam 26:3",TBC,TBC,31.466604,35.216691,N/A,N/A
Hadad-rimmon,now Rommanah,TBC,Zech 12:11,TBC,TBC,32.524106,35.205136,N/A,N/A
Hadashah,now Ibdis,TBC,Josh 15:37,TBC,TBC,31.679512,34.695903,N/A,N/A
Hadid,TBC,TBC,Neh 11:34,TBC,TBC,31.963575,34.952536,N/A,N/A
Hadrach,Damascus,TBC,TBC,TBC,Zech 9:1,0.0,0.0,N/A,N/A
Haeleph,now Lifta,TBC,Josh 18:28,TBC,TBC,31.792733,35.196862,N/A,N/A
Hahiroth,Pi-hahiroth,from tyndale,TBC,TBC,Num 33:8,0.0,0.0,N/A,N/A
Hakkephirim,Ono,TBC,TBC,TBC,Neh 6:2,0.0,0.0,N/A,N/A
Halah,Habor,TBC,TBC,TBC,"2 Kgs 17:6, 2 Kgs 18:11, 1 Chr 5:26",0.0,0.0,N/A,N/A
Halhul,TBC,TBC,Josh 15:58,TBC,TBC,31.579549,35.099103,N/A,N/A
Hali,Beten,TBC,TBC,TBC,Josh 19:25,0.0,0.0,N/A,N/A
Hall of Judgment,<House of the Forest of Lebanon,TBC,TBC,TBC,1 Kgs 7:7,0.0,0.0,N/A,N/A
Hall of Pillars,<House of the Forest of Lebanon,TBC,TBC,TBC,1 Kgs 7:6,0.0,0.0,N/A,N/A
Hall of the Throne,<House of the Forest of Lebanon,TBC,TBC,TBC,1 Kgs 7:7,0.0,0.0,N/A,N/A
Ham 1,Ammon,TBC,TBC,TBC,Gen 14:5,0.0,0.0,N/A,N/A
Ham 2,Egypt,TBC,TBC,TBC,"Ps 105:23, Ps 105:27, Ps 106:22",0.0,0.0,N/A,N/A
Hamath,TBC,TBC,"2 Sam 8:9, 2 Kgs 14:28, 2 Kgs 17:24, 2 Kgs 17:30, 2 Kgs 18:34, 2 Kgs 19:13, 2 Kgs 23:33, 2 Kgs 25:21, 1 Chr 18:9, 2 Chr 8:4, Isa 10:9, Isa 11:11, Isa 36:19, Isa 37:13, Jer 39:5, Jer 49:23, Jer 52:9, Jer 52:27, Ezek 47:16, Ezek 47:17, Ezek 48:1, Amos 6:2, Zech 9:2",TBC,TBC,35.136204,36.749488,N/A,N/A
Hamath-zobah,Hamath,TBC,TBC,TBC,2 Chr 8:3,0.0,0.0,N/A,N/A
Hammath,TBC,TBC,"Josh 19:35, 1 Chr 2:55",TBC,TBC,33.125828,35.165,N/A,N/A
Hammon,Hammath,TBC,TBC,TBC,"Josh 19:28, 1 Chr 6:76",0.0,0.0,N/A,N/A
Hammoth-dor,Hammath,TBC,TBC,TBC,Josh 21:32,0.0,0.0,N/A,N/A
Hamonah,Valley of Hamon-gog,TBC,TBC,TBC,Ezek 39:16,0.0,0.0,N/A,N/A
Hanes,http://www.digitalegypt.ucl.ac.uk/ehnasya/index.html,TBC,Isa 30:4,TBC,TBC,29.085425,30.934402,N/A,http://www.digitalegypt.ucl.ac.uk/ehnasya/index.html
Hannathon,TBC,TBC,Josh 19:14,TBC,TBC,32.916002,35.426637,N/A,N/A
Hapharaim,Ophrah 2,TBC,TBC,TBC,Josh 19:19,0.0,0.0,N/A,N/A
Hara,Habor,TBC,TBC,TBC,1 Chr 5:26,0.0,0.0,N/A,N/A
Haradah,Makheloth,TBC,TBC,TBC,"Num 33:24, Num 33:25",0.0,0.0,N/A,N/A
Haran,Haran,TBC,TBC,TBC,"Gen 11:31, Gen 11:32, Gen 12:4, Gen 12:5, Gen 27:43, Gen 28:10, Gen 29:4, 2 Kgs 19:12, Isa 37:12, Ezek 27:23, Acts 7:2, Acts 7:4",0.0,0.0,N/A,N/A
Harmon,Samaria,TBC,TBC,TBC,Amos 4:3,0.0,0.0,N/A,N/A
Harod,TBC,TBC,"Judg 7:1, 2 Sam 23:25, 1 Chr 11:27",TBC,TBC,32.549638,35.355647,N/A,N/A
Harosheth-hagoyim,TBC,TBC,"Judg 4:2, Judg 4:13, Judg 4:16",TBC,TBC,32.691177,35.110039,N/A,N/A
Hashmonah,Moseroth,TBC,TBC,TBC,"Num 33:29, Num 33:30",0.0,0.0,N/A,N/A
Hauran,Golan,region,TBC,TBC,"Ezek 47:16, Ezek 47:18",0.0,0.0,N/A,N/A
Havilah 1,TBC,TBC,TBC,TBC,Gen 2:11,0.0,0.0,N/A,N/A
Havilah 2,TBC,TBC,"Gen 25:18, 1 Sam 15:7",TBC,TBC,30.14,35.22,N/A,N/A
Havvoth-jair,Jair,TBC,TBC,TBC,"Num 32:41, Deut 3:14, Judg 10:4, 1 Chr 2:23",0.0,0.0,N/A,N/A
Hazar-addar,Addar,TBC,TBC,TBC,Num 34:4,0.0,0.0,N/A,N/A
Hazar-enan,TBC,TBC,"Num 34:9, Num 34:10, Ezek 47:17, Ezek 48:1",TBC,TBC,34.229499,37.240077,N/A,N/A
Hazar-gaddah,Hazor 3,TBC,TBC,TBC,Josh 15:27,0.0,0.0,N/A,N/A
Hazar-shual,TBC,TBC,"Josh 15:28, Josh 19:3, 1 Chr 4:28, Neh 11:27",TBC,TBC,31.215418,34.942986,N/A,N/A
Hazar-susah,Madmannah,TBC,TBC,TBC,Josh 19:5,0.0,0.0,N/A,N/A
Hazar-susim,Hazar-susah,TBC,TBC,TBC,1 Chr 4:31,0.0,0.0,N/A,N/A
Hazazon-tamar,Engedi,TBC,TBC,TBC,"Gen 14:7, 2 Chr 20:2",0.0,0.0,N/A,N/A
Hazer-hatticon,Hamath,TBC,TBC,TBC,Ezek 47:16,0.0,0.0,N/A,N/A
Hazeroth,TBC,TBC,"Num 11:35, Num 12:16, Num 33:17, Num 33:18, Deut 1:1",TBC,TBC,28.916667,34.5,N/A,N/A
Hazor 1,Hazor,TBC,TBC,TBC,"Josh 11:1, Josh 11:10, Josh 11:11, Josh 11:13, Josh 12:19, Josh 19:36, Judg 4:2, Judg 4:17, 1 Sam 12:9, 1 Kgs 9:15, 2 Kgs 15:29",0.0,0.0,N/A,N/A
Hazor 2,Kedesh 2,TBC,TBC,TBC,Josh 15:23,0.0,0.0,N/A,N/A
Hazor 3,Amam,TBC,TBC,TBC,Josh 15:25,0.0,0.0,N/A,N/A
Hazor 4,TBC,TBC,Neh 11:33,TBC,TBC,31.833333,35.2,N/A,N/A
Hazor 5,TBC,TBC,TBC,TBC,"Jer 49:28, Jer 49:30, Jer 49:33",0.0,0.0,N/A,N/A
Hazor-hadattah,Hazor 3,TBC,TBC,TBC,Josh 15:25,0.0,0.0,N/A,N/A
Hebron,Hebron / Kiriath-arba,TBC,TBC,TBC,"Gen 13:18, Gen 23:2, Gen 23:19, Gen 35:27, Num 13:22, Josh 10:3, Josh 10:5, Josh 10:23, Josh 10:36, Josh 10:39, Josh 11:21, Josh 12:10, Josh 14:13, Josh 14:14, Josh 14:15, Josh 15:13, Josh 15:54, Josh 20:7, Josh 21:11, Josh 21:13, Judg 1:10, Judg 1:20, Judg 16:3, 1 Sam 30:31, 2 Sam 2:1, 2 Sam 2:3, 2 Sam 2:11, 2 Sam 2:32, 2 Sam 3:2, 2 Sam 3:5, 2 Sam 3:19, 2 Sam 3:20, 2 Sam 3:22, 2 Sam 3:27, 2 Sam 3:32, 2 Sam 4:1, 2 Sam 4:8, 2 Sam 4:12, 2 Sam 5:1, 2 Sam 5:3, 2 Sam 5:5, 2 Sam 5:13, 2 Sam 15:7, 2 Sam 15:9, 2 Sam 15:10, 1 Kgs 2:11, 1 Chr 3:1, 1 Chr 3:4, 1 Chr 6:55, 1 Chr 6:57, 1 Chr 11:1, 1 Chr 11:3, 1 Chr 12:23, 1 Chr 12:38, 1 Chr 29:27, 2 Chr 11:10",0.0,0.0,N/A,N/A
Helam,Peniel,TBC,TBC,TBC,"2 Sam 10:16, 2 Sam 10:17",0.0,0.0,N/A,N/A
Helbah,Aphik,TBC,TBC,TBC,Judg 1:31,0.0,0.0,N/A,N/A
Helbon,now Halbon,TBC,Ezek 27:18,TBC,TBC,33.664912,36.248576,N/A,N/A
Helech,Arvad,TBC,TBC,TBC,Ezek 27:11,0.0,0.0,N/A,N/A
Heleph,TBC,TBC,Josh 19:33,TBC,TBC,33.134416,35.332157,N/A,N/A
Heliopolis,On,TBC,TBC,TBC,Jer 43:13,0.0,0.0,N/A,N/A
Helkath,TBC,TBC,"Josh 19:25, Josh 21:31",TBC,TBC,32.955448,35.211971,N/A,N/A
Helkath-hazzurim,TBC,TBC,2 Sam 2:16,TBC,TBC,31.880126,35.280188,N/A,N/A
Hena,TBC,TBC,"2 Kgs 18:34, 2 Kgs 19:13, Isa 37:13",TBC,TBC,34.467725,41.964955,N/A,N/A
Hepher,Hepher,TBC,TBC,TBC,"Josh 12:17, 1 Kgs 4:10",0.0,0.0,N/A,N/A
Heres,Succoth 1,TBC,TBC,TBC,Judg 8:13,0.0,0.0,N/A,N/A
Hereth,TBC,TBC,1 Sam 22:5,TBC,TBC,31.621492,35.029273,N/A,N/A
Hermon,Mount Hermon,TBC,TBC,TBC,"Deut 3:9, Deut 4:48, Josh 11:3, Ps 42:6, Ps 89:12, Ps 133:3, Sng 4:8",0.0,0.0,N/A,N/A
Heshbon,Heshbon,TBC,TBC,TBC,"Num 21:25, Num 21:26, Num 21:27, Num 21:28, Num 21:30, Num 21:34, Num 32:3, Num 32:37, Deut 1:4, Deut 2:24, Deut 2:26, Deut 2:30, Deut 3:2, Deut 3:6, Deut 4:46, Deut 29:7, Josh 9:10, Josh 12:2, Josh 12:5, Josh 13:10, Josh 13:17, Josh 13:21, Josh 13:26, Josh 13:27, Josh 21:39, Judg 11:19, Judg 11:26, 1 Chr 6:81, Neh 9:22, Sng 7:4, Isa 15:4, Isa 16:8, Isa 16:9, Jer 48:2, Jer 48:34, Jer 48:45, Jer 49:3",0.0,0.0,N/A,N/A
Heshmon,Beth-pelet,TBC,TBC,TBC,Josh 15:27,0.0,0.0,N/A,N/A
Hethlon,TBC,TBC,"Ezek 47:15, Ezek 48:1",TBC,TBC,34.73799,36.340918,N/A,N/A
Hezron,Hazor 1,TBC,TBC,TBC,Josh 15:3,0.0,0.0,N/A,N/A
Hierapolis,TBC,TBC,Col 4:13,TBC,TBC,37.924517,29.124525,N/A,N/A
Hilen,Holon 1,TBC,TBC,TBC,1 Chr 6:58,0.0,0.0,N/A,N/A
Hobah,TBC,TBC,Gen 14:15,TBC,TBC,33.5,36.466667,N/A,N/A
Holon 1,TBC,TBC,"Josh 15:51, Josh 21:15",TBC,TBC,31.583333,34.95,N/A,N/A
Holon 2,Jahzah,TBC,TBC,TBC,Jer 48:21,0.0,0.0,N/A,N/A
Holy Place 1,TBC,mobile,TBC,TBC,"Ex 26:33, Ex 28:29, Ex 28:35, Ex 28:43, Ex 29:30, Ex 31:11, Ex 35:19, Ex 39:1, Ex 39:41, Lev 6:30, Lev 16:2, Lev 16:3, Lev 16:16, Lev 16:17, Lev 16:20, Lev 16:23, Lev 16:27, Num 28:7",0.0,0.0,N/A,N/A
Holy Place 2,<Jerusalem,TBC,TBC,TBC,"1 Kgs 8:8, 1 Kgs 8:10, 2 Chr 5:9, 2 Chr 5:11, 2 Chr 29:5, 2 Chr 29:7, 2 Chr 35:5, Ezek 41:21, Ezek 41:23, Ezek 42:14, Ezek 44:27, Heb 9:2",0.0,0.0,N/A,N/A
Horeb,Mount Horeb,TBC,TBC,TBC,"Ex 3:1, Ex 17:6, Deut 1:2, Deut 1:6, Deut 1:19, Deut 4:10, Deut 4:15, Deut 5:2, Deut 9:8, Deut 18:16, Deut 29:1, 1 Kgs 8:9, 1 Kgs 19:8, 2 Chr 5:10, Ps 106:19, Mal 4:4",0.0,0.0,N/A,N/A
Horem,TBC,TBC,Josh 19:38,TBC,TBC,33.166667,35.433333,N/A,N/A
Horesh,Horesh,TBC,TBC,TBC,"1 Sam 23:15, 1 Sam 23:16, 1 Sam 23:18, 1 Sam 23:19",0.0,0.0,N/A,N/A
Hor-haggidgad,TBC,TBC,"Num 33:32, Num 33:33",TBC,TBC,30.358285,35.19027,N/A,N/A
Hormah,Zephath,TBC,TBC,TBC,"Num 14:45, Num 21:3, Deut 1:44, Josh 12:14, Josh 15:30, Josh 19:4, Judg 1:17, 1 Sam 30:30, 1 Chr 4:30",0.0,0.0,N/A,N/A
Horonaim,TBC,TBC,"Isa 15:5, Jer 48:3, Jer 48:5, Jer 48:34",TBC,TBC,31.288056,35.515,N/A,N/A
Horse Gate,<Jerusalem,TBC,TBC,TBC,"Neh 3:28, Jer 31:40",0.0,0.0,N/A,N/A
Hosah,TBC,TBC,Josh 19:29,TBC,TBC,32.178502,35.22758,N/A,N/A
House of the Forest,House of the Forest of Lebanon,TBC,TBC,TBC,Isa 22:8,0.0,0.0,N/A,N/A
House of the Forest of Lebanon,<Jerusalem,TBC,TBC,TBC,"1 Kgs 7:2, 1 Kgs 10:17, 1 Kgs 10:21, 2 Chr 9:16, 2 Chr 9:20",0.0,0.0,N/A,N/A
Hukkok,TBC,TBC,Josh 19:34,TBC,TBC,32.882153,35.496694,N/A,N/A
Hukok,Helkath,TBC,TBC,TBC,1 Chr 6:75,0.0,0.0,N/A,N/A
Humtah,Hebron,TBC,TBC,TBC,Josh 15:54,0.0,0.0,N/A,N/A
Ibleam,Ibleam,TBC,TBC,TBC,"Josh 17:11, Judg 1:27, 2 Kgs 9:27, 2 Kgs 15:10",0.0,0.0,N/A,N/A
Iconium,Iconium,TBC,TBC,TBC,"Acts 13:51, Acts 14:1, Acts 14:19, Acts 14:21, Acts 16:2, 2 Tim 3:11",0.0,0.0,N/A,N/A
Idalah,TBC,TBC,Josh 19:15,TBC,TBC,32.733333,35.166667,N/A,N/A
Idumea,Edom,TBC,TBC,TBC,Mark 3:8,0.0,0.0,N/A,N/A
Iim,Ezem,TBC,TBC,TBC,Josh 15:29,0.0,0.0,N/A,N/A
Ijon,Ijon,TBC,TBC,TBC,"1 Kgs 15:20, 2 Kgs 15:29, 2 Chr 16:4",0.0,0.0,N/A,N/A
Illyricum,Dalmatia,region,TBC,TBC,Rom 15:19,0.0,0.0,N/A,N/A
Immer,Nineveh,TBC,TBC,TBC,"Ezra 2:59, Neh 7:61",0.0,0.0,N/A,N/A
India,TBC,TBC,"Est 1:1, Est 8:9",TBC,TBC,22.0,77.0,N/A,N/A
Iphtah,Ashnah,TBC,TBC,TBC,Josh 15:43,0.0,0.0,N/A,N/A
Irpeel,TBC,TBC,Josh 18:27,TBC,TBC,31.869343,35.197712,N/A,N/A
Ir-shemesh,Beth-shemesh 1,TBC,TBC,TBC,Josh 19:41,0.0,0.0,N/A,N/A
Italy,Rome,region,TBC,TBC,"Acts 18:2, Acts 27:1, Acts 27:6, Heb 13:24",0.0,0.0,N/A,N/A
Ithlah,TBC,TBC,Josh 19:42,TBC,TBC,31.823593,35.075769,N/A,N/A
Ithnan,Ziph 2,TBC,TBC,TBC,Josh 15:23,0.0,0.0,N/A,N/A
Ituraea,Mount Hermon,region,TBC,TBC,Luke 3:1,0.0,0.0,N/A,N/A
Ivvah,Hena,TBC,TBC,TBC,"2 Kgs 18:34, 2 Kgs 19:13, Isa 37:13",0.0,0.0,N/A,N/A
Iye-abarim,Dibon-gad,TBC,TBC,TBC,"Num 21:11, Num 33:44",0.0,0.0,N/A,N/A
Iyim,Iye-abarim,TBC,TBC,TBC,Num 33:45,0.0,0.0,N/A,N/A
Jaar,Kiriath-jearim,TBC,TBC,TBC,Ps 132:6,0.0,0.0,N/A,N/A
Jabbok,TBC,TBC,"Gen 32:22, Num 21:24, Deut 2:37, Deut 3:16, Josh 12:2, Judg 11:13, Judg 11:22",TBC,TBC,32.193237,35.676305,N/A,N/A
Jabesh,Jabesh-gilead,TBC,TBC,TBC,"1 Sam 11:1, 1 Sam 11:3, 1 Sam 11:5, 1 Sam 11:9, 1 Sam 11:10, 1 Sam 31:12, 1 Sam 31:13, 1 Chr 10:12",0.0,0.0,N/A,N/A
Jabesh-gilead,Jabesh Gilead,TBC,TBC,TBC,"Judg 21:8, Judg 21:9, Judg 21:10, Judg 21:12, Judg 21:14, 1 Sam 11:1, 1 Sam 11:9, 1 Sam 31:11, 2 Sam 2:4, 2 Sam 2:5, 2 Sam 21:12, 1 Chr 10:11",0.0,0.0,N/A,N/A
Jabez,Bethlehem 1,TBC,TBC,TBC,1 Chr 2:55,0.0,0.0,N/A,N/A
Jabneel 1,now Yavneh,TBC,Josh 15:11,TBC,TBC,31.865518,34.746856,N/A,N/A
Jabneel 2,now Yavneel,TBC,Josh 19:33,TBC,TBC,32.7,35.5,N/A,N/A
Jabneh,Jabneel 1,TBC,TBC,TBC,2 Chr 26:6,0.0,0.0,N/A,N/A
Jagur,Kinah,TBC,TBC,TBC,Josh 15:21,0.0,0.0,N/A,N/A
Jahaz,Jahaz,TBC,TBC,TBC,"Num 21:23, Deut 2:32, Josh 13:18, Josh 21:36, Judg 11:20, Isa 15:4, Jer 48:34",0.0,0.0,N/A,N/A
Jahzah,Jahaz,TBC,TBC,TBC,"1 Chr 6:78, Jer 48:21",0.0,0.0,N/A,N/A
Jair,Gilead,region,TBC,TBC,Josh 13:30,0.0,0.0,N/A,N/A
Janim,TBC,TBC,Josh 15:53,TBC,TBC,31.516667,35.166667,N/A,N/A
Janoah 1,now Yanouh,TBC,"Josh 16:6, Josh 16:7",TBC,TBC,33.260246,35.302915,N/A,N/A
Janoah 2,TBC,TBC,2 Kgs 15:29,TBC,TBC,32.155895,35.361606,N/A,N/A
Japhia,now Yafa,TBC,Josh 19:12,TBC,TBC,32.691633,35.274955,N/A,N/A
Jarmuth 1,Jarmuth,TBC,TBC,TBC,"Josh 10:3, Josh 10:5, Josh 10:23, Josh 12:11, Josh 15:35, Neh 11:29",0.0,0.0,N/A,N/A
Jarmuth 2,Ramoth 1,TBC,TBC,TBC,Josh 21:29,0.0,0.0,N/A,N/A
Jattir,Jattir,TBC,TBC,TBC,"Josh 15:48, Josh 21:14, 1 Sam 30:27, 1 Chr 6:57",0.0,0.0,N/A,N/A
Javan,Ephesus,TBC,TBC,TBC,"Isa 66:19, Ezek 27:13",0.0,0.0,N/A,http://en.wikipedia.org/wiki/Ionia
Jazer,Jazer,TBC,TBC,TBC,"Num 21:32, Num 32:1, Num 32:3, Num 32:35, Josh 13:25, Josh 21:39, 2 Sam 24:5, 1 Chr 6:81, 1 Chr 26:31, Isa 16:8, Isa 16:9, Jer 48:32",0.0,0.0,N/A,N/A
Jebus,Jerusalem,TBC,TBC,TBC,"Josh 18:28, Judg 19:10, Judg 19:11, 1 Chr 11:4, 1 Chr 11:5",0.0,0.0,N/A,N/A
Jebusite,Jerusalem,TBC,TBC,TBC,Josh 15:8,0.0,0.0,N/A,N/A
Jegar-sahadutha,Galeed,TBC,TBC,TBC,Gen 31:47,0.0,0.0,N/A,N/A
Jehud,now Yehud,TBC,Josh 19:45,TBC,TBC,32.033636,34.889599,N/A,N/A
Jekabzeel,Kabzeel,TBC,TBC,TBC,Neh 11:25,0.0,0.0,N/A,N/A
Jericho,Jericho,TBC,TBC,TBC,"Num 22:1, Num 26:3, Num 26:63, Num 31:12, Num 33:48, Num 33:50, Num 34:15, Num 35:1, Num 36:13, Deut 32:49, Deut 34:1, Josh 2:1, Josh 2:2, Josh 2:3, Josh 3:16, Josh 4:13, Josh 4:19, Josh 5:10, Josh 5:13, Josh 6:1, Josh 6:2, Josh 6:25, Josh 6:26, Josh 7:2, Josh 8:2, Josh 9:3, Josh 10:1, Josh 10:28, Josh 10:30, Josh 12:9, Josh 13:32, Josh 16:1, Josh 16:7, Josh 18:12, Josh 18:21, Josh 20:8, Josh 24:11, 2 Sam 10:5, 1 Kgs 16:34, 2 Kgs 2:4, 2 Kgs 2:5, 2 Kgs 2:15, 2 Kgs 2:18, 2 Kgs 25:5, 1 Chr 6:78, 1 Chr 19:5, 2 Chr 28:15, Ezra 2:34, Neh 3:2, Neh 7:36, Jer 39:5, Jer 52:8, Matt 20:29, Mark 10:46, Luke 10:30, Luke 18:35, Luke 19:1, Heb 11:30",0.0,0.0,N/A,N/A
Jeruel,Ziz,TBC,TBC,TBC,2 Chr 20:16,0.0,0.0,N/A,N/A
Jerusalem,TBC,TBC,"Josh 10:1, Josh 10:3, Josh 10:5, Josh 10:23, Josh 12:10, Josh 15:8, Josh 15:63, Josh 18:28, Judg 1:7, Judg 1:8, Judg 1:21, Judg 19:10, 1 Sam 17:54, 2 Sam 5:5, 2 Sam 5:6, 2 Sam 5:13, 2 Sam 5:14, 2 Sam 8:7, 2 Sam 9:13, 2 Sam 10:14, 2 Sam 11:1, 2 Sam 11:12, 2 Sam 12:31, 2 Sam 14:23, 2 Sam 14:28, 2 Sam 15:8, 2 Sam 15:11, 2 Sam 15:14, 2 Sam 15:29, 2 Sam 15:37, 2 Sam 16:3, 2 Sam 16:15, 2 Sam 17:20, 2 Sam 19:19, 2 Sam 19:25, 2 Sam 19:33, 2 Sam 19:34, 2 Sam 20:2, 2 Sam 20:3, 2 Sam 20:7, 2 Sam 20:22, 2 Sam 24:8, 2 Sam 24:16, 1 Kgs 2:11, 1 Kgs 2:36, 1 Kgs 2:38, 1 Kgs 2:41, 1 Kgs 3:1, 1 Kgs 3:15, 1 Kgs 8:1, 1 Kgs 9:15, 1 Kgs 9:19, 1 Kgs 10:2, 1 Kgs 10:26, 1 Kgs 10:27, 1 Kgs 11:7, 1 Kgs 11:13, 1 Kgs 11:29, 1 Kgs 11:32, 1 Kgs 11:36, 1 Kgs 11:42, 1 Kgs 12:18, 1 Kgs 12:21, 1 Kgs 12:27, 1 Kgs 12:28, 1 Kgs 14:21, 1 Kgs 14:25, 1 Kgs 15:2, 1 Kgs 15:4, 1 Kgs 15:10, 1 Kgs 22:42, 2 Kgs 8:17, 2 Kgs 8:26, 2 Kgs 9:28, 2 Kgs 12:1, 2 Kgs 12:17, 2 Kgs 12:18, 2 Kgs 14:2, 2 Kgs 14:13, 2 Kgs 14:19, 2 Kgs 14:20, 2 Kgs 15:2, 2 Kgs 15:33, 2 Kgs 16:2, 2 Kgs 16:5, 2 Kgs 18:2, 2 Kgs 18:17, 2 Kgs 18:22, 2 Kgs 18:35, 2 Kgs 19:10, 2 Kgs 19:21, 2 Kgs 19:31, 2 Kgs 21:1, 2 Kgs 21:4, 2 Kgs 21:7, 2 Kgs 21:12, 2 Kgs 21:13, 2 Kgs 21:16, 2 Kgs 21:19, 2 Kgs 22:1, 2 Kgs 22:14, 2 Kgs 23:1, 2 Kgs 23:2, 2 Kgs 23:4, 2 Kgs 23:5, 2 Kgs 23:6, 2 Kgs 23:9, 2 Kgs 23:13, 2 Kgs 23:20, 2 Kgs 23:23, 2 Kgs 23:24, 2 Kgs 23:27, 2 Kgs 23:30, 2 Kgs 23:31, 2 Kgs 23:33, 2 Kgs 23:36, 2 Kgs 24:4, 2 Kgs 24:8, 2 Kgs 24:10, 2 Kgs 24:14, 2 Kgs 24:15, 2 Kgs 24:18, 2 Kgs 24:20, 2 Kgs 25:1, 2 Kgs 25:8, 2 Kgs 25:9, 2 Kgs 25:10, 1 Chr 3:4, 1 Chr 3:5, 1 Chr 6:10, 1 Chr 6:15, 1 Chr 6:32, 1 Chr 8:28, 1 Chr 8:32, 1 Chr 9:3, 1 Chr 9:34, 1 Chr 9:38, 1 Chr 11:4, 1 Chr 14:3, 1 Chr 14:4, 1 Chr 15:3, 1 Chr 18:7, 1 Chr 19:15, 1 Chr 20:1, 1 Chr 20:3, 1 Chr 21:4, 1 Chr 21:15, 1 Chr 21:16, 1 Chr 23:25, 1 Chr 28:1, 1 Chr 29:27, 2 Chr 1:4, 2 Chr 1:13, 2 Chr 1:14, 2 Chr 1:15, 2 Chr 2:7, 2 Chr 2:16, 2 Chr 3:1, 2 Chr 5:2, 2 Chr 6:6, 2 Chr 8:6, 2 Chr 9:1, 2 Chr 9:25, 2 Chr 9:27, 2 Chr 9:30, 2 Chr 10:18, 2 Chr 11:1, 2 Chr 11:5, 2 Chr 11:14, 2 Chr 11:16, 2 Chr 12:2, 2 Chr 12:4, 2 Chr 12:5, 2 Chr 12:7, 2 Chr 12:9, 2 Chr 12:13, 2 Chr 13:2, 2 Chr 14:15, 2 Chr 15:10, 2 Chr 17:13, 2 Chr 19:1, 2 Chr 19:4, 2 Chr 19:8, 2 Chr 20:5, 2 Chr 20:15, 2 Chr 20:17, 2 Chr 20:18, 2 Chr 20:20, 2 Chr 30:14, 2 Chr 32:19, 2 Chr 32:22, 2 Chr 32:23, 2 Chr 32:25, 2 Chr 32:26, 2 Chr 32:33, 2 Chr 33:1, 2 Chr 33:4, 2 Chr 33:7, 2 Chr 33:9, 2 Chr 33:13, 2 Chr 33:15, 2 Chr 33:21, 2 Chr 34:1, 2 Chr 34:3, 2 Chr 34:5, 2 Chr 34:7, 2 Chr 34:9, 2 Chr 34:22, 2 Chr 34:29, 2 Chr 34:30, 2 Chr 34:32, 2 Chr 35:1, 2 Chr 35:18, 2 Chr 35:24, 2 Chr 36:1, 2 Chr 36:2, 2 Chr 36:3, 2 Chr 36:4, 2 Chr 36:5, 2 Chr 36:9, 2 Chr 36:10, 2 Chr 36:11, 2 Chr 36:14, 2 Chr 36:19, 2 Chr 36:23, Ezra 1:2, Ezra 1:3, Ezra 1:4, Ezra 1:5, Ezra 1:7, Ezra 1:11, Ezra 2:1, Ezra 2:68, Ezra 3:1, Ezra 3:8, Ezra 4:6, Ezra 4:8, Ezra 4:12, Ezra 4:20, Ezra 4:23, Ezra 4:24, Ezra 5:1, Ezra 5:2, Ezra 5:14, Ezra 5:15, Ezra 5:16, Ezra 5:17, Ezra 6:3, Ezra 6:5, Ezra 6:9, Ezra 6:12, Ezra 6:18, Ezra 7:7, Ezra 7:8, Ezra 7:9, Ezra 7:13, Ezra 7:14, Ezra 7:15, Ezra 7:16, Ezra 7:17, Ezra 7:19, Ezra 7:27, Ezra 8:29, Ezra 8:30, Ezra 8:31, Ezra 8:32, Ezra 9:9, Ezra 10:7, Ezra 10:9, Neh 1:2, Neh 1:3, Neh 2:11, Neh 2:12, Neh 2:13, Neh 2:17, Neh 2:20, Neh 3:8, Neh 3:9, Neh 3:12, Neh 4:7, Neh 4:8, Neh 4:22, Neh 6:7, Neh 7:2, Neh 7:3, Neh 7:6, Neh 8:15, Neh 11:1, Neh 11:2, Neh 11:3, Neh 11:4, Neh 11:6, Neh 11:22, Neh 12:27, Neh 12:28, Neh 12:29, Neh 12:43, Neh 13:6, Neh 13:7, Neh 13:15, Neh 13:16, Neh 13:19, Neh 13:20, Est 2:6, Ps 51:18, Ps 68:29, Ps 79:1, Ps 79:3, Ps 102:21, Ps 116:19, Ps 122:2, Ps 122:3, Ps 122:6, Ps 125:2, Ps 128:5, Ps 135:21, Ps 137:5, Ps 137:6, Ps 137:7, Ps 147:2, Ps 147:12, Eccl 1:1, Eccl 1:12, Eccl 1:16, Eccl 2:7, Eccl 2:9, Sng 1:5, Sng 2:7, Sng 3:5, Sng 3:10, Sng 5:8, Sng 5:16, Sng 6:4, Sng 8:4, Isa 1:1, Isa 2:1, Isa 2:3, Isa 3:1, Isa 3:8, Isa 4:3, Isa 4:4, Isa 5:3, Isa 5:14, Isa 7:1, Isa 8:14, Isa 10:10, Isa 10:11, Isa 10:12, Isa 10:32, Isa 22:10, Isa 22:21, Isa 24:23, Isa 27:13, Isa 28:14, Isa 30:19, Isa 31:5, Isa 31:9, Isa 33:20, Isa 36:2, Isa 36:7, Isa 36:20, Isa 37:10, Isa 37:22, Isa 37:32, Isa 40:2, Isa 40:9, Isa 41:27, Isa 44:26, Isa 44:28, Isa 51:17, Isa 52:1, Isa 52:2, Isa 52:9, Isa 62:6, Isa 62:7, Isa 64:10, Isa 65:18, Isa 65:19, Isa 66:10, Isa 66:13, Isa 66:20, Jer 1:3, Jer 1:15, Jer 2:2, Jer 3:17, Jer 4:3, Jer 4:4, Jer 4:5, Jer 4:10, Jer 4:11, Jer 4:14, Jer 4:16, Jer 5:1, Jer 6:1, Jer 6:6, Jer 6:8, Jer 7:17, Jer 7:34, Jer 8:1, Jer 9:11, Jer 11:2, Jer 11:6, Jer 11:9, Jer 11:12, Jer 11:13, Jer 13:9, Jer 13:13, Jer 13:27, Jer 14:2, Jer 14:16, Jer 15:4, Jer 15:5, Jer 17:19, Jer 17:20, Jer 17:21, Jer 17:25, Jer 17:26, Jer 17:27, Jer 18:11, Jer 19:3, Jer 19:7, Jer 19:13, Jer 22:19, Jer 23:14, Jer 23:15, Jer 24:1, Jer 24:8, Jer 25:2, Jer 25:18, Jer 26:18, Jer 27:3, Jer 27:18, Jer 27:20, Jer 27:21, Jer 29:1, Jer 29:2, Jer 29:4, Jer 29:20, Jer 29:25, Jer 32:2, Jer 32:32, Jer 32:44, Jer 33:10, Jer 33:13, Jer 33:16, Jer 34:1, Jer 34:6, Jer 34:7, Jer 34:8, Jer 34:19, Jer 35:11, Jer 35:13, Jer 35:17, Jer 36:9, Jer 36:31, Jer 37:5, Jer 37:11, Jer 37:12, Jer 38:28, Jer 39:1, Jer 39:8, Jer 40:1, Jer 42:18, Jer 44:2, Jer 44:6, Jer 44:9, Jer 44:13, Jer 44:17, Jer 44:21, Jer 51:35, Jer 51:50, Jer 52:1, Jer 52:3, Jer 52:4, Jer 52:12, Jer 52:13, Jer 52:14, Jer 52:29, Lam 1:7, Lam 1:8, Lam 1:17, Lam 2:10, Lam 2:13, Lam 2:15, Lam 4:12, Ezek 4:1, Ezek 4:7, Ezek 4:16, Ezek 5:5, Ezek 8:3, Ezek 9:4, Ezek 9:8, Ezek 11:15, Ezek 12:10, Ezek 12:19, Ezek 13:16, Ezek 14:21, Ezek 14:22, Ezek 15:6, Ezek 16:2, Ezek 16:3, Ezek 17:12, Ezek 21:2, Ezek 21:20, Ezek 21:22, Ezek 22:19, Ezek 23:4, Ezek 24:2, Ezek 26:2, Ezek 33:21, Ezek 36:38, Dan 1:1, Dan 5:2, Dan 5:3, Dan 6:10, Dan 9:2, Dan 9:7, Dan 9:12, Dan 9:16, Dan 9:25, Joel 2:32, Joel 3:1, Joel 3:6, Joel 3:16, Joel 3:17, Joel 3:20, Amos 1:2, Amos 2:5, Obad 1:11, Obad 1:20, Mic 1:1, Mic 1:5, Mic 1:9, Mic 1:12, Mic 3:10, Mic 3:12, Mic 4:2, Mic 4:8, Zeph 1:4, Zeph 1:12, Zeph 3:14, Zeph 3:16, Zech 1:12, Zech 1:14, Zech 1:16, Zech 1:17, Zech 1:19, Zech 2:2, Zech 2:4, Zech 2:12, Zech 3:2, Zech 7:7, Zech 8:3, Zech 8:4, Zech 8:8, Zech 8:15, Zech 8:22, Zech 9:9, Zech 9:10, Zech 12:2, Zech 12:3, Zech 12:5, Zech 12:6, Zech 12:7, Zech 12:8, Zech 12:9, Zech 12:10, Zech 12:11, Zech 13:1, Zech 14:2, Zech 14:4, Zech 14:8, Zech 14:10, Zech 14:11, Zech 14:12, Zech 14:14, Zech 14:16, Zech 14:17, Zech 14:21, Mal 2:11, Mal 3:4, Matt 2:1, Matt 2:3, Matt 3:5, Matt 4:25, Matt 5:35, Matt 15:1, Matt 16:21, Matt 20:17, Matt 20:18, Matt 21:1, Matt 21:10, Matt 23:37, Mark 1:5, Mark 3:8, Mark 3:22, Mark 7:1, Mark 10:32, Mark 10:33, Mark 11:1, Mark 11:11, Mark 11:15, Mark 11:27, Mark 15:41, Luke 2:22, Luke 2:25, Luke 2:38, Luke 2:41, Luke 2:43, Luke 2:45, Luke 4:9, Luke 5:17, Luke 6:17, Luke 9:31, Luke 9:51, Luke 9:53, Luke 10:30, Luke 13:4, Luke 13:22, Luke 13:33, Luke 13:34, Luke 17:11, Luke 18:31, Luke 19:11, Luke 19:28, Luke 21:20, Luke 21:24, Luke 23:7, Luke 23:28, Luke 24:13, Luke 24:18, Luke 24:33, Luke 24:47, Luke 24:52, John 1:19, John 2:13, John 2:23, John 4:20, John 4:21, John 4:45, John 5:1, John 5:2, John 7:25, John 10:22, John 11:18, John 11:55, John 12:12, Acts 1:4, Acts 1:8, Acts 1:12, Acts 1:19, Acts 2:5, Acts 2:14, Acts 4:5, Acts 4:16, Acts 5:16, Acts 5:28, Acts 6:7, Acts 8:1, Acts 8:14, Acts 8:25, Acts 8:26, Acts 8:27, Acts 9:2, Acts 9:13, Acts 9:21, Acts 9:26, Acts 9:28, Acts 10:39, Acts 11:2, Acts 11:22, Acts 11:27, Acts 12:25, Acts 13:13, Acts 13:27, Acts 13:31, Acts 15:2, Acts 15:4, Acts 16:4, Acts 19:21, Acts 20:16, Acts 20:22, Acts 21:4, Acts 21:11, Acts 21:12, Acts 21:13, Acts 21:15, Acts 21:17, Acts 21:31, Acts 22:5, Acts 22:17, Acts 22:18, Acts 23:11, Acts 24:11, Acts 25:1, Acts 25:3, Acts 25:7, Acts 25:9, Acts 25:15, Acts 25:20, Acts 25:24, Acts 26:4, Acts 26:10, Acts 26:20, Acts 28:17, Rom 15:19, Rom 15:25, Rom 15:26, Rom 15:31, 1 Cor 16:3, Gal 1:17, Gal 1:18, Gal 2:1, Gal 4:25, Gal 4:26, Heb 12:22, Rev 3:12, Rev 21:2, Rev 21:10",TBC,TBC,31.777444,35.234935,N/A,N/A
Jerusalem's,Jerusalem,TBC,TBC,TBC,Isa 62:1,0.0,0.0,N/A,N/A
Jeshanah,TBC,TBC,2 Chr 13:19,TBC,TBC,31.980029,35.229709,N/A,N/A
Jeshimon,Engedi,TBC,TBC,TBC,"1 Sam 23:19, 1 Sam 23:24, 1 Sam 26:1, 1 Sam 26:3",0.0,0.0,N/A,N/A
Jeshua,Moladah,TBC,TBC,TBC,Neh 11:26,0.0,0.0,N/A,N/A
Jetur,Ituraea,TBC,TBC,TBC,1 Chr 5:19,0.0,0.0,N/A,N/A
Jezreel,Hebron,TBC,TBC,TBC,"Josh 15:56, 1 Sam 25:43, 1 Sam 27:3, 1 Sam 29:1, 1 Sam 29:11, 1 Sam 30:5, 2 Sam 2:2, 2 Sam 3:2",0.0,0.0,N/A,N/A
Jezreel 2,Jezreel,TBC,TBC,TBC,"Josh 19:18, 2 Sam 2:9, 1 Kgs 18:45, 1 Kgs 18:46, 1 Kgs 21:1, 2 Kgs 8:29, 2 Kgs 9:15, 2 Kgs 9:16, 2 Kgs 9:17, 2 Kgs 9:30, 2 Kgs 9:36, 2 Kgs 9:37, 2 Kgs 10:11, Hos 1:4, Hos 1:11, 1 Kgs 4:12, 1 Kgs 21:23, 2 Kgs 9:10, 2 Kgs 10:6, 2 Kgs 10:7, 2 Chr 22:6, Hos 2:22",0.0,0.0,N/A,N/A
Jezreel 3,Jezreel 2,TBC,TBC,TBC,2 Sam 4:4,0.0,0.0,N/A,N/A
Jogbehah,TBC,TBC,"Num 32:35, Judg 8:11",TBC,TBC,32.028743,35.862887,N/A,N/A
Jokdeam,Zanoah 2,TBC,TBC,TBC,Josh 15:56,0.0,0.0,N/A,N/A
Jokmeam 1,Jokneam,TBC,TBC,TBC,1 Kgs 4:12,0.0,0.0,N/A,N/A
Jokmeam 2,Kibzaim,TBC,TBC,TBC,1 Chr 6:68,0.0,0.0,N/A,N/A
Jokneam,Jokneam,TBC,TBC,TBC,"Josh 12:22, Josh 19:11, Josh 21:34",0.0,0.0,N/A,N/A
Joktheel 1,Lachish,TBC,TBC,TBC,Josh 15:38,0.0,0.0,N/A,N/A
Joktheel 2,Sela,TBC,TBC,TBC,2 Kgs 14:7,0.0,0.0,N/A,N/A
Joppa,Joppa,TBC,TBC,TBC,"Josh 19:46, 2 Chr 2:16, Ezra 3:7, Jonah 1:3, Acts 9:36, Acts 9:38, Acts 9:42, Acts 9:43, Acts 10:5, Acts 10:8, Acts 10:23, Acts 10:32, Acts 11:5, Acts 11:13",0.0,0.0,N/A,N/A
Jordan,Jordan Valley,river,TBC,TBC,"Gen 32:10, Gen 50:10, Gen 50:11, Num 13:29, Num 22:1, Num 26:3, Num 26:63, Num 31:12, Num 32:5, Num 32:19, Num 32:21, Num 32:29, Num 32:32, Num 33:48, Num 33:49, Num 33:50, Num 33:51, Num 34:12, Num 34:15, Num 35:1, Num 35:10, Num 35:14, Num 36:13, Deut 1:1, Deut 1:5, Deut 2:29, Deut 3:8, Deut 3:17, Deut 3:20, Deut 3:25, Deut 3:27, Deut 4:21, Deut 4:22, Deut 4:26, Deut 4:41, Deut 4:46, Deut 4:47, Deut 4:49, Deut 9:1, Deut 11:30, Deut 11:31, Deut 12:10, Deut 27:2, Deut 27:4, Deut 27:12, Deut 30:18, Deut 31:2, Deut 31:13, Deut 32:47, Josh 1:2, Josh 1:11, Josh 1:14, Josh 1:15, Josh 2:7, Josh 2:10, Josh 3:1, Josh 3:8, Josh 3:11, Josh 3:13, Josh 3:14, Josh 3:15, Josh 3:17, Josh 4:1, Josh 4:3, Josh 4:5, Josh 4:7, Josh 4:8, Josh 4:9, Josh 4:10, Josh 4:16, Josh 4:17, Josh 4:18, Josh 4:19, Josh 4:20, Josh 4:22, Josh 4:23, Josh 5:1, Josh 7:7, Josh 9:1, Josh 9:10, Josh 12:1, Josh 12:7, Josh 13:8, Josh 13:23, Josh 13:27, Josh 13:32, Josh 14:3, Josh 15:5, Josh 16:1, Josh 16:7, Josh 17:5, Josh 18:7, Josh 18:12, Josh 18:19, Josh 18:20, Josh 19:22, Josh 19:33, Josh 19:34, Josh 20:8, Josh 22:4, Josh 22:7, Josh 22:10, Josh 22:11, Josh 22:25, Josh 23:4, Josh 24:8, Josh 24:11, Judg 3:28, Judg 5:17, Judg 6:33, Judg 7:24, Judg 7:25, Judg 8:4, Judg 10:8, Judg 10:9, Judg 11:13, Judg 11:22, Judg 12:5, Judg 12:6, 1 Sam 13:7, 1 Sam 31:7, 2 Sam 2:29, 2 Sam 10:17, 2 Sam 16:14, 2 Sam 17:22, 2 Sam 17:24, 2 Sam 19:15, 2 Sam 19:17, 2 Sam 19:18, 2 Sam 19:31, 2 Sam 19:36, 2 Sam 19:39, 2 Sam 19:41, 2 Sam 20:2, 2 Sam 24:5, 1 Kgs 2:8, 1 Kgs 7:46, 1 Kgs 17:3, 1 Kgs 17:5, 2 Kgs 2:6, 2 Kgs 2:7, 2 Kgs 2:13, 2 Kgs 5:10, 2 Kgs 5:14, 2 Kgs 6:2, 2 Kgs 6:4, 2 Kgs 7:15, 2 Kgs 10:33, 1 Chr 6:78, 1 Chr 12:15, 1 Chr 12:37, 1 Chr 19:17, 1 Chr 26:30, 2 Chr 4:17, Job 40:23, Ps 42:6, Ps 114:3, Ps 114:5, Isa 9:1, Jer 12:5, Jer 49:19, Jer 50:44, Ezek 47:18, Zech 11:3, Matt 3:5, Matt 3:6, Matt 3:13, Matt 4:15, Matt 4:25, Matt 19:1, Mark 1:5, Mark 1:9, Mark 3:8, Mark 10:1, Luke 3:3, Luke 4:1, John 1:28, John 3:26, John 10:40",0.0,0.0,N/A,N/A
Jordan Valley,TBC,TBC,"Gen 13:10, Gen 13:11",TBC,TBC,32.309099,35.5599,N/A,N/A
Jotbah,Jotbathah,TBC,TBC,TBC,2 Kgs 21:19,0.0,0.0,N/A,N/A
Jotbathah,Abronah,TBC,TBC,TBC,"Num 33:33, Num 33:34, Deut 10:7",0.0,0.0,N/A,N/A
Judea,Jerusalem,region,TBC,TBC,"Ezra 9:9, Matt 2:1, Matt 2:5, Matt 2:22, Matt 3:1, Matt 3:5, Matt 4:25, Matt 19:1, Matt 24:16, Mark 1:5, Mark 3:7, Mark 10:1, Mark 13:14, Luke 1:5, Luke 1:65, Luke 2:4, Luke 3:1, Luke 4:44, Luke 5:17, Luke 6:17, Luke 7:17, Luke 21:21, Luke 23:5, John 4:3, John 4:47, John 4:54, John 7:1, John 7:3, John 11:7, Acts 1:8, Acts 2:9, Acts 2:14, Acts 8:1, Acts 9:31, Acts 10:37, Acts 11:1, Acts 11:29, Acts 12:19, Acts 15:1, Acts 21:10, Acts 26:20, Acts 28:21, Rom 15:31, 2 Cor 1:16, Gal 1:22, 1 Thes 2:14",0.0,0.0,N/A,N/A
Judean,Judea,TBC,TBC,TBC,John 3:22,0.0,0.0,N/A,N/A
Juttah,TBC,TBC,"Josh 15:55, Josh 21:16",TBC,TBC,31.45,35.083333,N/A,N/A
Kabzeel,Eder 2,TBC,TBC,TBC,"Josh 15:21, 2 Sam 23:20, 1 Chr 11:22",0.0,0.0,N/A,N/A
Kadesh 1,Kadesh-barnea,TBC,TBC,TBC,"Gen 14:7, Gen 16:14, Gen 20:1, Num 13:26, Num 20:1, Num 20:14, Num 20:16, Num 20:22, Num 27:14, Num 33:36, Num 33:37, Deut 1:46, Judg 11:16, Judg 11:17, Ps 29:8",0.0,0.0,N/A,N/A
Kadesh 2,TBC,TBC,2 Sam 24:6,TBC,TBC,34.558327,36.522943,N/A,N/A
Kadesh-barnea,Kadesh Barnea,TBC,TBC,TBC,"Num 32:8, Num 34:4, Deut 1:2, Deut 1:19, Deut 2:14, Deut 9:23, Josh 10:41, Josh 14:6, Josh 14:7, Josh 15:3",0.0,0.0,N/A,N/A
Kain,now Yaqin,TBC,"Num 24:22, Josh 15:57",TBC,TBC,31.5,35.166667,N/A,N/A
Kamon,<Gilead,TBC,TBC,TBC,Judg 10:5,0.0,0.0,N/A,N/A
Kanah 1,TBC,TBC,"Josh 16:8, Josh 17:9",TBC,TBC,32.138219,35.038971,N/A,N/A
Kanah 2,Cana,TBC,TBC,TBC,Josh 19:28,0.0,0.0,N/A,N/A
Karka,Azmon,TBC,TBC,TBC,Josh 15:3,0.0,0.0,N/A,N/A
Karkor,Penuel,TBC,TBC,TBC,Judg 8:10,0.0,0.0,N/A,N/A
Karnaim,Ashteroth-karnaim,TBC,TBC,TBC,Amos 6:13,0.0,0.0,N/A,N/A
Kartah,Kitron,TBC,TBC,TBC,Josh 21:34,0.0,0.0,N/A,N/A
Kartan,Kiriathaim 2,TBC,TBC,TBC,Josh 21:32,0.0,0.0,N/A,N/A
Kattath,Kartah,TBC,TBC,TBC,Josh 19:15,0.0,0.0,N/A,N/A
Kedar,Arabia,TBC,TBC,TBC,"Ps 120:5, Sng 1:5, Isa 21:16, Isa 21:17, Isa 42:11, Isa 60:7, Jer 2:10, Jer 49:28, Ezek 27:21",0.0,0.0,N/A,N/A
Kedemoth,TBC,TBC,"Deut 2:26, Josh 13:18, Josh 21:37, 1 Chr 6:79",TBC,TBC,31.646073,35.894537,N/A,N/A
Kedesh 1,Kedesh,TBC,TBC,TBC,"Josh 12:22, Josh 19:37, Josh 20:7, Josh 21:32, Judg 4:9, Judg 4:10, Judg 4:11, 2 Kgs 15:29, 1 Chr 6:76",0.0,0.0,N/A,N/A
Kedesh 2,Kadesh-barnea,TBC,TBC,TBC,Josh 15:23,0.0,0.0,N/A,N/A
Kedesh 3,Kishion,TBC,TBC,TBC,1 Chr 6:72,0.0,0.0,N/A,N/A
Kedesh-naphtali,Kedesh 1,TBC,TBC,TBC,Judg 4:6,0.0,0.0,N/A,N/A
Kehelathah,Mount Shepher,TBC,TBC,TBC,"Num 33:22, Num 33:23",0.0,0.0,N/A,N/A
Keilah,TBC,TBC,"Josh 15:44, 1 Sam 23:1, 1 Sam 23:2, 1 Sam 23:3, 1 Sam 23:4, 1 Sam 23:5, 1 Sam 23:6, 1 Sam 23:7, 1 Sam 23:8, 1 Sam 23:10, 1 Sam 23:11, 1 Sam 23:12, 1 Sam 23:13, Neh 3:17, Neh 3:18",TBC,TBC,31.614175,35.002752,N/A,N/A
Kenath,TBC,TBC,"Num 32:42, 1 Chr 2:23",TBC,TBC,32.756919,36.6164,N/A,N/A
Kerioth,Kiriathaim 1,TBC,TBC,TBC,"Jer 48:24, Amos 2:2",0.0,0.0,N/A,N/A
Kerioth-hezron,Hazor 3,TBC,TBC,TBC,Josh 15:25,0.0,0.0,N/A,N/A
Kibroth-hattaavah,Hazeroth,TBC,TBC,TBC,"Num 11:34, Num 11:35, Num 33:16, Num 33:17, Deut 9:22",0.0,0.0,N/A,N/A
Kibzaim,TBC,TBC,Josh 21:22,TBC,TBC,31.833333,35.3,N/A,N/A
Kidron,TBC,TBC,"2 Sam 15:23, 1 Kgs 2:37, 1 Kgs 15:13, 2 Kgs 23:4, 2 Kgs 23:6, 2 Kgs 23:12, 2 Chr 15:16, 2 Chr 29:16, Jer 31:40",TBC,TBC,31.772134,35.236596,N/A,N/A
Kidron Valley,Kidron,TBC,TBC,TBC,"2 Chr 30:14, John 18:1",0.0,0.0,N/A,N/A
Kinah,Dimonah,TBC,TBC,TBC,Josh 15:22,0.0,0.0,N/A,N/A
King's Highway,Kir,TBC,TBC,TBC,"Num 20:17, Num 21:22",0.0,0.0,N/A,N/A
King's Pool,<Jerusalem,TBC,TBC,TBC,Neh 2:14,0.0,0.0,N/A,N/A
King's Valley,Jerusalem,TBC,TBC,TBC,"Gen 14:17, 2 Sam 18:18",0.0,0.0,N/A,N/A
Kir,Kir-haraseth / Kir of Moab,TBC,TBC,TBC,"2 Kgs 16:9, Isa 15:1, Isa 22:6, Amos 1:5, Amos 9:7",0.0,0.0,N/A,N/A
Kir-hareseth,Kir,TBC,TBC,TBC,"2 Kgs 3:25, Isa 16:7, Isa 16:11, Jer 48:31, Jer 48:36",0.0,0.0,N/A,N/A
Kiriathaim 1,Kiriathaim,TBC,TBC,TBC,"Num 32:37, Josh 13:19, Jer 48:1, Jer 48:23, Ezek 25:9",0.0,0.0,N/A,N/A
Kiriathaim 2,Hammon,TBC,TBC,TBC,1 Chr 6:76,0.0,0.0,N/A,N/A
Kiriath-arba,Hebron,TBC,TBC,TBC,"Gen 23:2, Gen 35:27, Josh 14:15, Josh 15:13, Josh 15:54, Josh 20:7, Josh 21:11, Judg 1:10, Neh 11:25",0.0,0.0,N/A,N/A
Kiriath-arim,Kiriath-jearim,TBC,TBC,TBC,Ezra 2:25,0.0,0.0,N/A,N/A
Kiriath-baal,Kiriath-jearim,TBC,TBC,TBC,"Josh 15:60, Josh 18:14",0.0,0.0,N/A,N/A
Kiriath-huzoth,Bamoth-baal,TBC,TBC,TBC,Num 22:39,0.0,0.0,N/A,N/A
Kiriath-jearim,TBC,TBC,"Josh 9:17, Josh 15:9, Josh 15:60, Josh 18:14, Josh 18:15, Josh 18:28, Judg 18:12, 1 Sam 6:21, 1 Sam 7:1, 1 Sam 7:2, 1 Chr 13:5, 1 Chr 13:6, 2 Chr 1:4, Neh 7:29, Jer 26:20",TBC,TBC,31.771104,34.993812,N/A,N/A
Kiriath-sannah,Debir 1,TBC,TBC,TBC,Josh 15:49,0.0,0.0,N/A,N/A
Kiriath-sepher,Debir 1,TBC,TBC,TBC,"Josh 15:15, Josh 15:16, Judg 1:11, Judg 1:12",0.0,0.0,N/A,N/A
Kishion,TBC,TBC,"Josh 19:20, Josh 21:28",TBC,TBC,32.559061,35.246206,N/A,N/A
Kishon,river,TBC,"Judg 4:7, Judg 4:13, Judg 5:21, 1 Kgs 18:40, Ps 83:9",TBC,TBC,32.761948,35.064096,N/A,N/A
Kitron,TBC,TBC,Judg 1:30,TBC,TBC,32.753141,35.279335,N/A,N/A
Kittim,Cyprus,TBC,TBC,TBC,"Num 24:24, Dan 11:30",0.0,0.0,N/A,N/A
Koa,Media,http://www.answers.com/topic/mede,TBC,TBC,Ezek 23:23,0.0,0.0,N/A,http://www.answers.com/topic/mede
Kue,Cilicia,from tyndale,TBC,TBC,"1 Kgs 10:28, 2 Chr 1:16",0.0,0.0,N/A,N/A
Laban,Libnah 2,TBC,TBC,TBC,Deut 1:1,0.0,0.0,N/A,N/A
Lachish,Lachish,TBC,TBC,TBC,"Josh 10:3, Josh 10:5, Josh 10:23, Josh 10:31, Josh 10:32, Josh 10:33, Josh 10:34, Josh 10:35, Josh 12:11, Josh 15:39, 2 Kgs 14:19, 2 Kgs 18:14, 2 Kgs 18:17, 2 Kgs 19:8, 2 Chr 11:9, 2 Chr 25:27, 2 Chr 32:9, Neh 11:30, Isa 36:2, Isa 37:8, Jer 34:7, Mic 1:13",0.0,0.0,N/A,N/A
Lahmam,TBC,TBC,Josh 15:40,TBC,TBC,31.566667,34.9,N/A,N/A
Laish,Dan,TBC,TBC,TBC,"Judg 18:7, Judg 18:14, Judg 18:27, Judg 18:29",0.0,0.0,N/A,N/A
Laishah,now Isawiya,TBC,Isa 10:30,TBC,TBC,31.8,35.25,N/A,N/A
Lakkum,Aznoth-tabor,TBC,TBC,TBC,Josh 19:33,0.0,0.0,N/A,N/A
Laodicea,Laodicea,TBC,TBC,TBC,"Col 2:1, Col 4:13, Col 4:15, Col 4:16, Rev 1:11, Rev 3:14",0.0,0.0,N/A,N/A
Lasea,Lasea,TBC,TBC,TBC,Acts 27:8,0.0,0.0,N/A,N/A
Lasha,TBC,TBC,Gen 10:19,TBC,TBC,31.718148,35.584826,http://www.christusrex.org/www1/ofm/mad/sections/section3.html,http://www.christusrex.org/www1/ofm/mad/sections/section3.html
Lasharon,now Sharona,TBC,Josh 12:18,TBC,TBC,32.72544,35.467002,N/A,N/A
Lebanon,region,TBC,"Deut 1:7, Deut 3:25, Deut 11:24, Josh 1:4, Josh 9:1, Josh 13:5, Josh 13:6, Judg 9:15, 1 Kgs 4:33, 1 Kgs 5:6, 1 Kgs 5:9, 1 Kgs 5:14, 1 Kgs 9:19, 2 Kgs 14:9, 2 Kgs 19:23, 2 Chr 2:8, 2 Chr 2:16, 2 Chr 8:6, 2 Chr 25:18, Ezra 3:7, Ps 29:5, Ps 29:6, Ps 72:16, Ps 92:12, Ps 104:16, Sng 3:9, Sng 4:8, Sng 4:11, Sng 4:15, Sng 5:15, Sng 7:4, Isa 2:13, Isa 10:34, Isa 14:8, Isa 29:17, Isa 33:9, Isa 35:2, Isa 37:24, Isa 40:16, Isa 60:13, Jer 18:14, Jer 22:6, Jer 22:20, Jer 22:23, Ezek 17:3, Ezek 27:5, Ezek 31:3, Ezek 31:15, Ezek 31:16, Hos 14:5, Hos 14:6, Hos 14:7, Nahum 1:4, Hab 2:17, Zech 10:10, Zech 11:1",TBC,TBC,33.752479,35.590804,N/A,N/A
Lebaoth,Beth-lebaoth,TBC,TBC,TBC,Josh 15:32,0.0,0.0,N/A,N/A
Leb-kamai,Chaldea,TBC,TBC,TBC,Jer 51:1,0.0,0.0,N/A,N/A
Lebo-hamath,Hamath,TBC,TBC,TBC,"Num 13:21, Num 34:8, Josh 13:5, Judg 3:3, 1 Kgs 8:65, 2 Kgs 14:25, 1 Chr 13:5, 2 Chr 7:8, Ezek 47:15, Ezek 47:20, Ezek 48:1, Amos 6:14",0.0,0.0,N/A,N/A
Lebonah,now al-Lubban,TBC,Judg 21:19,TBC,TBC,32.07077,35.239871,N/A,N/A
Lehem,Bethlehem 1,TBC,TBC,TBC,1 Chr 4:22,0.0,0.0,N/A,N/A
Lehi,Beth-shemesh 1,TBC,TBC,TBC,"Judg 15:9, Judg 15:14, Judg 15:19, 2 Sam 23:11",0.0,0.0,N/A,N/A
Leshem,Dan,TBC,TBC,TBC,Josh 19:47,0.0,0.0,N/A,N/A
Libnah 1,Lachish,TBC,TBC,TBC,"Josh 10:29, Josh 10:31, Josh 10:32, Josh 10:39, Josh 12:15, Josh 15:42, Josh 21:13, 2 Kgs 8:22, 2 Kgs 19:8, 2 Kgs 23:31, 2 Kgs 24:18, 1 Chr 6:57, 2 Chr 21:10, Isa 37:8, Jer 52:1",0.0,0.0,N/A,N/A
Libnah 2,Ashnah,TBC,TBC,TBC,"Num 33:20, Num 33:21",0.0,0.0,N/A,N/A
Libya,Cyrene,TBC,TBC,TBC,"Ezek 30:5, Acts 2:10",0.0,0.0,N/A,N/A
Lod,Lod / Lydda,TBC,TBC,TBC,"1 Chr 8:12, Ezra 2:33, Neh 7:37, Neh 11:35",0.0,0.0,N/A,N/A
Lo-debar,TBC,TBC,"2 Sam 9:4, 2 Sam 9:5, 2 Sam 17:27, Amos 6:13",TBC,TBC,32.662488,35.783568,N/A,N/A
Lower Beth-horon,Beth-Horon Lower,TBC,TBC,TBC,"Josh 16:3, Josh 18:13, 1 Kgs 9:17, 2 Chr 8:5",0.0,0.0,N/A,N/A
Lower and Upper Beth-horon,Lower Beth-horon,TBC,TBC,TBC,1 Chr 7:24,0.0,0.0,N/A,N/A
Lud,Lydda,TBC,TBC,TBC,"Isa 66:19, Jer 46:9, Ezek 27:10, Ezek 30:5",0.0,0.0,N/A,N/A
Luhith,Horonaim,TBC,TBC,TBC,"Isa 15:5, Jer 48:5",0.0,0.0,N/A,N/A
Luz 1,Bethel 1,TBC,TBC,TBC,"Gen 28:19, Gen 35:6, Gen 48:3, Josh 16:2, Josh 18:13, Judg 1:23",0.0,0.0,N/A,N/A
Luz 2,TBC,TBC,Judg 1:26,TBC,TBC,37.0,36.57,N/A,N/A
Lycaonia,Iconium,region,TBC,TBC,Acts 14:6,0.0,0.0,N/A,N/A
Lycia,Patara,region,TBC,TBC,Acts 27:5,0.0,0.0,N/A,N/A
Lydda,Lod,TBC,TBC,TBC,"Acts 9:32, Acts 9:35, Acts 9:38",0.0,0.0,N/A,N/A
Lystra,Lystra,TBC,TBC,TBC,"Acts 14:6, Acts 14:8, Acts 14:21, Acts 16:1, Acts 16:2, 2 Tim 3:11",0.0,0.0,N/A,N/A
Maacah,Aram-maacah,TBC,TBC,TBC,"2 Sam 10:6, 2 Sam 10:8, 2 Sam 23:34, 1 Chr 19:7",0.0,0.0,N/A,N/A
Maacath,Maacah,TBC,TBC,TBC,Josh 13:13,0.0,0.0,N/A,N/A
Maarath,TBC,TBC,Josh 15:59,TBC,TBC,31.621003,35.102328,N/A,N/A
Maareh-geba,Gibeah 1,TBC,TBC,TBC,Judg 20:33,0.0,0.0,N/A,N/A
Macedonia,Thessalonica,region,TBC,TBC,"Acts 16:9, Acts 16:10, Acts 16:12, Acts 18:5, Acts 19:21, Acts 19:22, Acts 20:1, Acts 20:3, Rom 15:26, 1 Cor 16:5, 2 Cor 1:16, 2 Cor 2:13, 2 Cor 7:5, 2 Cor 8:1, 2 Cor 9:2, 2 Cor 11:9, Phil 4:15, 1 Thes 1:7, 1 Thes 1:8, 1 Thes 4:10, 1 Tim 1:3",0.0,0.0,N/A,N/A
Machpelah,Machpelah Cave,TBC,TBC,TBC,"Gen 23:9, Gen 23:17, Gen 23:19, Gen 25:9, Gen 49:30, Gen 50:13",0.0,0.0,N/A,N/A
Madmannah,TBC,TBC,"Josh 15:31, 1 Chr 2:49",TBC,TBC,31.391668,34.940502,N/A,N/A
Madmenah,Gebim,TBC,TBC,TBC,Isa 10:31,0.0,0.0,N/A,N/A
Madon,TBC,TBC,"Josh 11:1, Josh 12:19",TBC,TBC,32.799879,35.459506,N/A,N/A
Magadan,Magdala / Dalmanutha,TBC,TBC,TBC,Matt 15:39,0.0,0.0,N/A,N/A
Magog,Gog,TBC,TBC,TBC,"Ezek 38:2, Ezek 39:6, Rev 20:8",0.0,0.0,N/A,N/A
Mahalab,Ahlab,TBC,TBC,TBC,Josh 19:29,0.0,0.0,N/A,N/A
Mahanaim,TBC,TBC,"Gen 32:2, Josh 13:26, Josh 13:30, Josh 21:38, 2 Sam 2:8, 2 Sam 2:12, 2 Sam 2:29, 2 Sam 17:24, 2 Sam 17:27, 2 Sam 19:32, 1 Kgs 2:8, 1 Kgs 4:14, 1 Chr 6:80",TBC,TBC,32.214708,35.632914,N/A,N/A
Mahaneh-dan,TBC,TBC,"Judg 13:25, Judg 18:12",TBC,TBC,31.758315,34.994252,N/A,N/A
Makaz,Shaalbim,TBC,TBC,TBC,1 Kgs 4:9,0.0,0.0,N/A,N/A
Makheloth,Tahath,TBC,TBC,TBC,"Num 33:25, Num 33:26",0.0,0.0,N/A,N/A
Makkedah,TBC,TBC,"Josh 10:10, Josh 10:16, Josh 10:17, Josh 10:21, Josh 10:28, Josh 10:29, Josh 12:16, Josh 15:41",TBC,TBC,31.935117,34.781326,N/A,N/A
Malta,Malta,TBC,TBC,TBC,Acts 28:1,0.0,0.0,N/A,N/A
Mamre,Mamre,TBC,TBC,TBC,"Gen 23:17, Gen 23:19, Gen 25:9, Gen 35:27, Gen 49:30, Gen 50:13",0.0,0.0,N/A,N/A
Manahath,now Malha,TBC,1 Chr 8:6,TBC,TBC,31.752603,35.181972,N/A,N/A
Maon,Maon,TBC,TBC,TBC,"Josh 15:55, 1 Sam 23:24, 1 Sam 23:25, 1 Sam 25:2",0.0,0.0,N/A,N/A
Marah,TBC,TBC,"Ex 15:23, Num 33:8, Num 33:9",TBC,TBC,29.35,32.933333,N/A,N/A
Mareal,now Malul,TBC,Josh 19:11,TBC,TBC,32.697409,35.241789,N/A,N/A
Mareshah,Mareshah,TBC,TBC,TBC,"Josh 15:44, 2 Chr 11:8, 2 Chr 14:9, 2 Chr 14:10, 2 Chr 20:37, Mic 1:15",0.0,0.0,N/A,N/A
Maroth,Beth-ezel,TBC,TBC,TBC,Mic 1:12,0.0,0.0,N/A,N/A
Mashal,Mishal,TBC,TBC,TBC,1 Chr 6:74,0.0,0.0,N/A,N/A
Masrekah,Bozrah 1,TBC,TBC,TBC,"Gen 36:36, 1 Chr 1:47",0.0,0.0,N/A,N/A
Massah,Meribah 2,TBC,TBC,TBC,"Ex 17:7, Deut 6:16, Deut 9:22, Deut 33:8, Ps 95:8",0.0,0.0,N/A,N/A
Mattanah,Nahaliel,TBC,TBC,TBC,"Num 21:18, Num 21:19",0.0,0.0,N/A,N/A
Mearah,TBC,TBC,Josh 13:4,TBC,TBC,33.633333,35.433333,N/A,N/A
Meconah,En-rimmon,TBC,TBC,TBC,Neh 11:28,0.0,0.0,N/A,N/A
Medeba,Medeba,TBC,TBC,TBC,"Num 21:30, Josh 13:9, Josh 13:16, 1 Chr 19:7, Isa 15:2",0.0,0.0,N/A,N/A
Media,Ecbatana,TBC,TBC,TBC,"Ezra 6:2, Est 1:3, Est 1:14, Est 1:18, Est 10:2, Isa 21:2, Jer 25:25, Dan 8:20",0.0,0.0,N/A,N/A
Megiddo,Megiddo,TBC,TBC,TBC,"Josh 12:21, Josh 17:11, Judg 1:27, Judg 5:19, 1 Kgs 4:12, 1 Kgs 9:15, 2 Kgs 9:27, 2 Kgs 23:29, 2 Kgs 23:30, 1 Chr 7:29, 2 Chr 35:22, Zech 12:11",0.0,0.0,N/A,N/A
Me-jarkon,Rakkon,TBC,TBC,TBC,Josh 19:46,0.0,0.0,N/A,N/A
Memphis,TBC,TBC,"Isa 19:13, Jer 2:16, Jer 44:1, Jer 46:14, Jer 46:19, Ezek 30:13, Ezek 30:16, Hos 9:6",TBC,TBC,29.849632,31.253958,http://en.wikipedia.org/wiki/Memphis%2C_Egypt,http://en.wikipedia.org/wiki/Memphis%2C_Egypt
Mephaath,TBC,TBC,"Josh 13:18, Josh 21:37, 1 Chr 6:79, Jer 48:21",TBC,TBC,31.85,35.933333,N/A,N/A
Merathaim,Babylon,TBC,TBC,TBC,Jer 50:21,0.0,0.0,N/A,N/A
Meribah 1,Kadesh-barnea,TBC,TBC,TBC,"Num 20:13, Num 20:24, Num 27:14, Ps 81:7, Ps 106:32",0.0,0.0,N/A,N/A
Meribah 2,Rephidim,TBC,TBC,TBC,"Ex 17:7, Deut 33:8, Ps 95:8",0.0,0.0,N/A,N/A
Meribah-kadesh,Meribah 1,TBC,TBC,TBC,"Deut 32:51, Ezek 47:19, Ezek 48:28",0.0,0.0,N/A,N/A
Merom,lake,TBC,"Josh 11:5, Josh 11:7",TBC,TBC,33.075269,35.60548,N/A,N/A
Meroz,Mount Tabor,TBC,TBC,TBC,Judg 5:23,0.0,0.0,N/A,N/A
Mesha,TBC,TBC,Gen 10:30,TBC,TBC,28.85726,34.859127,N/A,N/A
Meshech,Gog,TBC,TBC,TBC,"Ps 120:5, Ezek 27:13, Ezek 38:2, Ezek 38:3, Ezek 39:1",0.0,0.0,N/A,N/A
Meshech-Tubal,Meshech,TBC,TBC,TBC,Ezek 32:26,0.0,0.0,N/A,N/A
Mesopotamia,Babylon,region,TBC,TBC,"Gen 24:10, Deut 23:4, Judg 3:8, Judg 3:10, 1 Chr 19:6, Acts 2:9, Acts 7:2",0.0,0.0,N/A,N/A
Metheg-ammah,Gath,TBC,TBC,TBC,2 Sam 8:1,0.0,0.0,N/A,N/A
Michmas,Michmash,TBC,TBC,TBC,"Ezra 2:27, Neh 7:31",0.0,0.0,N/A,N/A
Michmash,Micmash,TBC,TBC,TBC,"1 Sam 13:2, 1 Sam 13:5, 1 Sam 13:11, 1 Sam 13:16, 1 Sam 13:23, 1 Sam 14:5, 1 Sam 14:31, Neh 11:31, Isa 10:28",0.0,0.0,N/A,N/A
Michmethath,TBC,TBC,"Josh 16:6, Josh 17:7",TBC,TBC,32.183333,35.283333,N/A,N/A
Middin,TBC,TBC,Josh 15:61,TBC,TBC,31.743894,35.401591,N/A,N/A
Midian,region,TBC,"Gen 36:35, Ex 2:15, Ex 2:16, Ex 3:1, Ex 4:19, Ex 18:1, Num 22:4, Num 22:7, Num 25:15, Num 25:18, Num 31:3, Num 31:7, Num 31:8, Num 31:9, Josh 13:21, Judg 6:1, Judg 6:2, Judg 6:6, Judg 6:13, Judg 6:14, Judg 7:1, Judg 7:8, Judg 7:13, Judg 7:14, Judg 7:15, Judg 7:23, Judg 7:25, Judg 8:1, Judg 8:3, Judg 8:5, Judg 8:12, Judg 8:22, Judg 8:26, Judg 8:28, Judg 9:17, 1 Kgs 11:18, 1 Chr 1:46, Ps 83:9, Isa 9:4, Isa 10:26, Isa 60:6, Hab 3:7, Acts 7:29",TBC,TBC,28.932881,34.90832,N/A,N/A
Migdal-el,TBC,TBC,Josh 19:38,TBC,TBC,33.232131,35.362942,N/A,N/A
Migdal-gad,TBC,TBC,Josh 15:37,TBC,TBC,31.666667,34.583333,N/A,N/A
Migdol,TBC,TBC,"Ex 14:2, Num 33:7, Jer 44:1, Jer 46:14, Ezek 29:10, Ezek 30:6",TBC,TBC,30.020296,32.372233,N/A,N/A
Migron,Gibeah 1,TBC,TBC,TBC,"1 Sam 14:2, Isa 10:28",0.0,0.0,N/A,N/A
Miletus,Miletus,TBC,TBC,TBC,"Acts 20:15, Acts 20:17, 2 Tim 4:20",0.0,0.0,N/A,N/A
Millo,<Jerusalem,TBC,TBC,TBC,"2 Sam 5:9, 1 Kgs 9:15, 1 Kgs 9:24, 1 Kgs 11:27, 1 Chr 11:8, 2 Chr 32:5",0.0,0.0,N/A,N/A
Minni,Ashkenaz,TBC,TBC,TBC,Jer 51:27,0.0,0.0,N/A,N/A
Minnith,TBC,TBC,"Judg 11:33, Ezek 27:17",TBC,TBC,31.75,35.85,N/A,N/A
Mishal,Abdon,TBC,TBC,TBC,"Josh 19:26, Josh 21:30",0.0,0.0,N/A,N/A
Misrephoth-maim,now Narouq,TBC,"Josh 11:8, Josh 13:6",TBC,TBC,33.118952,35.139434,N/A,N/A
Mithkah,Hashmonah,TBC,TBC,TBC,"Num 33:28, Num 33:29",0.0,0.0,N/A,N/A
Mitylene,Mitylene,TBC,TBC,TBC,Acts 20:14,0.0,0.0,N/A,N/A
Mizpah 1,Ramoth-gilead,TBC,TBC,TBC,"Gen 31:49, Judg 10:17, Judg 11:11, Judg 11:29, Judg 11:34, Hos 5:1",0.0,0.0,N/A,N/A
Mizpah 2,Valley of Mizpeh,TBC,TBC,TBC,Josh 11:3,0.0,0.0,N/A,N/A
Mizpah 3,Mizpah,TBC,TBC,TBC,"Judg 20:1, Judg 20:3, Judg 21:1, Judg 21:5, Judg 21:8, 1 Sam 7:5, 1 Sam 7:6, 1 Sam 7:7, 1 Sam 7:11, 1 Sam 7:12, 1 Sam 7:16, 1 Sam 10:17,1 Kgs 15:22, 2 Kgs 25:23, 2 Kgs 25:25, 2 Chr 16:6, Neh 3:7, Neh 3:15, Neh 3:19, Jer 40:6, Jer 40:8, Jer 40:10, Jer 40:12, Jer 40:13, Jer 40:15, Jer 41:1, Jer 41:3, Jer 41:6, Jer 41:10, Jer 41:14, Jer 41:16",0.0,0.0,N/A,N/A
Mizpeh 1,Mizpah 3,TBC,TBC,TBC,Josh 18:26,0.0,0.0,N/A,N/A
Mizpeh 2,Lachish,TBC,TBC,TBC,Josh 15:38,0.0,0.0,N/A,N/A
Mizpeh 3,Kir,TBC,TBC,TBC,1 Sam 22:3,0.0,0.0,N/A,N/A
Moab,Dibon 1,TBC,TBC,TBC,"Gen 36:35, Ex 15:15, Num 21:11, Num 21:13, Num 21:15, Num 21:20, Num 21:26, Num 21:28, Num 21:29, Num 22:1, Num 22:3, Num 22:4, Num 22:7, Num 22:8, Num 22:10, Num 22:14, Num 22:21, Num 22:36, Num 23:6, Num 23:7, Num 23:17, Num 24:17, Num 25:1, Num 26:3, Num 26:63, Num 31:12, Num 33:44, Num 33:48, Num 33:49, Num 33:50, Num 35:1, Num 36:13, Deut 1:5, Deut 2:8, Deut 2:9, Deut 2:18, Deut 29:1, Deut 32:49, Deut 34:1, Deut 34:5, Deut 34:6, Deut 34:8, Josh 13:32, Josh 24:9, Judg 3:12, Judg 3:14, Judg 3:15, Judg 3:17, Judg 3:30, Judg 10:6, Judg 11:15, Judg 11:17, Judg 11:18, Judg 11:25, Ruth 1:1, Ruth 1:2, Ruth 1:6, Ruth 1:22, Ruth 2:6, Ruth 4:3, 1 Sam 12:9, 1 Sam 14:47, 1 Sam 22:3, 1 Sam 22:4, 2 Sam 8:2, 2 Sam 8:12, 2 Sam 23:20, 1 Kgs 11:7, 1 Kgs 11:33, 2 Kgs 1:1, 2 Kgs 3:4, 2 Kgs 3:5, 2 Kgs 3:7, 2 Kgs 3:10, 2 Kgs 3:13, 2 Kgs 3:23, 2 Kgs 3:26, 2 Kgs 23:13, 1 Chr 1:46, 1 Chr 4:22, 1 Chr 8:8, 1 Chr 11:22, 1 Chr 18:2, 1 Chr 18:11, 2 Chr 20:10, 2 Chr 20:22, 2 Chr 20:23, Neh 13:23, Ps 60:8, Ps 83:6, Ps 108:9, Isa 11:14, Isa 15:1, Isa 15:2, Isa 15:4, Isa 15:5, Isa 15:8, Isa 15:9, Isa 16:2, Isa 16:4, Isa 16:6, Isa 16:7, Isa 16:11, Isa 16:12, Isa 16:13, Isa 16:14, Isa 25:10, Jer 9:26, Jer 25:21, Jer 27:3, Jer 40:11, Jer 48:1, Jer 48:2, Jer 48:4, Jer 48:9, Jer 48:11, Jer 48:13, Jer 48:15, Jer 48:16, Jer 48:18, Jer 48:20, Jer 48:24, Jer 48:25, Jer 48:26, Jer 48:28, Jer 48:29, Jer 48:31, Jer 48:33, Jer 48:35, Jer 48:36, Jer 48:38, Jer 48:39, Jer 48:40, Jer 48:41, Jer 48:42, Jer 48:43, Jer 48:44, Jer 48:45, Jer 48:46, Jer 48:47, Ezek 25:8, Ezek 25:9, Ezek 25:11, Dan 11:41, Amos 2:1, Amos 2:2, Mic 6:5, Zeph 2:8, Zeph 2:9",0.0,0.0,N/A,N/A
Moladah,TBC,TBC,"Josh 15:26, Josh 19:2, 1 Chr 4:28, Neh 11:26",TBC,TBC,31.162327,35.057114,N/A,N/A
Moreh 1,Shechem,TBC,TBC,TBC,"Gen 12:6, Deut 11:30",0.0,0.0,N/A,N/A
Moreh 2,Mount Moreh,TBC,TBC,TBC,Judg 7:1,0.0,0.0,N/A,N/A
Moresheth,Mareshah,TBC,TBC,TBC,"Jer 26:18, Mic 1:1",0.0,0.0,N/A,N/A
Moresheth-gath,Moresheth,TBC,TBC,TBC,Mic 1:14,0.0,0.0,N/A,N/A
Moriah,Mount Moriah,TBC,TBC,TBC,Gen 22:2,0.0,0.0,N/A,N/A
Mortar,<Jerusalem,TBC,TBC,TBC,Zeph 1:11,0.0,0.0,N/A,N/A
Moserah,Moseroth,TBC,TBC,TBC,Deut 10:6,0.0,0.0,N/A,N/A
Moseroth,Bene-jaakan,TBC,TBC,TBC,"Num 33:30, Num 33:31",0.0,0.0,N/A,N/A
Most Holy,TBC,mobile,TBC,TBC,Ex 26:33,0.0,0.0,N/A,N/A
Most Holy Place 1,TBC,mobile,TBC,TBC,Ex 26:34,0.0,0.0,N/A,N/A
Most Holy Place 2,<Jerusalem,TBC,TBC,TBC,"1 Kgs 6:16, 1 Kgs 7:50, 1 Kgs 8:6, 1 Chr 6:49, 2 Chr 3:8, 2 Chr 3:10, 2 Chr 4:22, 2 Chr 5:7, Ezek 41:4, Ezek 45:3, Heb 9:3",0.0,0.0,N/A,N/A
Mount,Mount of Olives,TBC,TBC,TBC,Zech 14:4,0.0,0.0,N/A,N/A
Mount Baal-hermon,Mount Hermon,TBC,TBC,TBC,Judg 3:3,0.0,0.0,N/A,N/A
Mount Baalah,Jabneel 1,TBC,TBC,TBC,Josh 15:11,0.0,0.0,N/A,N/A
Mount Carmel,Mount Carmel,TBC,TBC,TBC,"1 Kgs 18:19, 1 Kgs 18:20, 1 Kgs 18:42, 2 Kgs 2:25, 2 Kgs 4:25",0.0,0.0,N/A,N/A
Mount Ebal,Mount Ebal,TBC,TBC,TBC,"Deut 11:29, Deut 27:4, Deut 27:13, Josh 8:30, Josh 8:33",0.0,0.0,N/A,N/A
Mount Ephraim,Mount Ebal,TBC,TBC,TBC,Jer 4:15,0.0,0.0,N/A,N/A
Mount Ephron,TBC,TBC,Josh 15:9,TBC,TBC,31.675746,35.042407,N/A,N/A
Mount Esau,Mount Seir 1,TBC,TBC,TBC,"Obad 1:8, Obad 1:9, Obad 1:19, Obad 1:21",0.0,0.0,N/A,N/A
Mount Gerizim,Mount Gerizim,TBC,TBC,TBC,"Deut 11:29, Deut 27:12, Josh 8:33, Judg 9:7",0.0,0.0,N/A,N/A
Mount Gilboa,Mount Gilboa,TBC,TBC,TBC,"1 Sam 31:1, 1 Sam 31:8, 2 Sam 1:6, 1 Chr 10:1, 1 Chr 10:8",0.0,0.0,N/A,N/A
Mount Gilead,Mount Gilboa,TBC,TBC,TBC,Judg 7:3,0.0,0.0,N/A,N/A
Mount Halak,; http://www.bibleorigins.net/MountHalakGebelHalaqMap.html,TBC,"Josh 11:17, Josh 12:7",TBC,TBC,30.916667,34.833333,N/A,http://www.bibleorigins.net/MountHalakGebelHalaqMap.html
Mount Heres,Beth-shemesh 1,TBC,TBC,TBC,Judg 1:35,0.0,0.0,N/A,N/A
Mount Hermon,Mount Hermon,TBC,TBC,TBC,"Deut 3:8, Josh 11:17, Josh 12:1, Josh 12:5, Josh 13:5, Josh 13:11, 1 Chr 5:23",0.0,0.0,N/A,N/A
Mount Hor 1,TBC,TBC,"Num 20:22, Num 20:23, Num 20:25, Num 20:27, Num 21:4, Num 33:37, Num 33:38, Num 33:39, Num 33:41, Deut 32:50",TBC,TBC,30.317396,35.407152,N/A,N/A
Mount Hor 2,TBC,TBC,"Num 34:7, Num 34:8",TBC,TBC,35.710069,36.18808,N/A,N/A
Mount Horeb,Mount Sinai,TBC,TBC,TBC,Ex 33:6,0.0,0.0,N/A,N/A
Mount Jearim,Chesalon,TBC,TBC,TBC,Josh 15:10,0.0,0.0,N/A,N/A
Mount Lebanon,Lebanon,TBC,TBC,TBC,Judg 3:3,0.0,0.0,N/A,N/A
Mount Mizar,Mount Hermon,TBC,TBC,TBC,Ps 42:6,0.0,0.0,N/A,N/A
Mount Moriah,Mount Moriah,TBC,TBC,TBC,2 Chr 3:1,0.0,0.0,N/A,N/A
Mount Nebo,Mount Nebo,TBC,TBC,TBC,"Deut 32:49, Deut 34:1",0.0,0.0,N/A,N/A
Mount Paran,<Paran,TBC,TBC,TBC,"Deut 33:2, Hab 3:3",0.0,0.0,N/A,N/A
Mount Perazim,Valley of Rephaim,TBC,TBC,TBC,Isa 28:21,0.0,0.0,N/A,N/A
Mount Seir 1,Edom,mountain range,TBC,TBC,"Deut 1:2, Deut 2:1, Deut 2:5, 1 Chr 4:42, 2 Chr 20:10, 2 Chr 20:22, 2 Chr 20:23, Ezek 35:2, Ezek 35:3, Ezek 35:7, Ezek 35:15",0.0,0.0,N/A,N/A
Mount Seir 2,TBC,TBC,Josh 15:10,TBC,TBC,31.783333,34.994,N/A,N/A
Mount Shepher,Haradah,TBC,TBC,TBC,"Num 33:23, Num 33:24",0.0,0.0,N/A,N/A
Mount Sinai,TBC,TBC,"Ex 19:11, Ex 19:18, Ex 19:20, Ex 19:23, Ex 24:16, Ex 31:18, Ex 34:2, Ex 34:4, Ex 34:29, Ex 34:32, Lev 7:38, Lev 25:1, Lev 26:46, Lev 27:34, Num 3:1, Num 28:6, Neh 9:13, Acts 7:30, Acts 7:38, Gal 4:24, Gal 4:25",TBC,TBC,28.539722,33.973333,N/A,N/A
Mount Sirion,Mount Hermon,TBC,TBC,TBC,Deut 4:48,0.0,0.0,N/A,N/A
Mount Tabor,Mount Tabor,TBC,TBC,TBC,"Judg 4:6, Judg 4:12, Judg 4:14",0.0,0.0,N/A,N/A
Mount Zalmon,Zalmon,TBC,TBC,TBC,Judg 9:48,0.0,0.0,N/A,N/A
Mount Zemaraim,Zemaraim,TBC,TBC,TBC,2 Chr 13:4,0.0,0.0,N/A,N/A
Mount Zion,<Jerusalem,TBC,TBC,TBC,"2 Kgs 19:31, Ps 48:2, Ps 48:11, Ps 74:2, Ps 78:68, Ps 125:1, Isa 4:5, Isa 8:18, Isa 10:12, Isa 18:7, Isa 24:23, Isa 29:8, Isa 31:4, Isa 37:32, Lam 5:18, Joel 2:32, Obad 1:17, Obad 1:21, Mic 4:7, Heb 12:22, Rev 14:1",0.0,0.0,N/A,N/A
Mount of Olives,Mount of Olives,TBC,TBC,TBC,"2 Sam 15:30, Zech 14:4, Matt 21:1, Matt 24:3, Matt 26:30, Mark 11:1, Mark 13:3, Mark 14:26, Luke 19:37, Luke 22:39, John 8:1",0.0,0.0,N/A,N/A
Mozah,TBC,TBC,Josh 18:26,TBC,TBC,31.802641,35.158376,N/A,N/A
Muster Gate,<Jerusalem,TBC,TBC,TBC,Neh 3:31,0.0,0.0,N/A,N/A
Myra,Myra,TBC,TBC,TBC,Acts 27:5,0.0,0.0,N/A,N/A
Mysia,Troas,TBC,TBC,TBC,"Acts 16:7, Acts 16:8",0.0,0.0,N/A,N/A
Naamah,TBC,TBC,Josh 15:41,TBC,TBC,31.871782,34.871894,N/A,N/A
Naarah,Naaran,TBC,TBC,TBC,Josh 16:7,0.0,0.0,N/A,N/A
Naaran,TBC,TBC,1 Chr 7:28,TBC,TBC,31.949518,35.45873,N/A,N/A
Nahalal,Nahalol,TBC,TBC,TBC,"Josh 19:15, Josh 21:35",0.0,0.0,N/A,N/A
Nahaliel,Lasha,TBC,TBC,TBC,Num 21:19,0.0,0.0,N/A,N/A
Nahalol,TBC,TBC,Judg 1:30,TBC,TBC,32.722209,35.35282,N/A,N/A
Nain,Nain,TBC,TBC,TBC,Luke 7:11,0.0,0.0,N/A,N/A
Naioth,Ramah 4,TBC,TBC,TBC,"1 Sam 19:18, 1 Sam 19:19, 1 Sam 19:22, 1 Sam 19:23, 1 Sam 20:1",0.0,0.0,N/A,N/A
Naphath,Megiddo,TBC,TBC,TBC,Josh 17:11,0.0,0.0,N/A,N/A
Naphath-dor,Dor,TBC,TBC,TBC,"Josh 12:23, 1 Kgs 4:11",0.0,0.0,N/A,N/A
Naphish,<Bashan,TBC,TBC,TBC,1 Chr 5:19,0.0,0.0,N/A,N/A
Naphoth-dor,Naphath-dor,TBC,TBC,TBC,Josh 11:2,0.0,0.0,N/A,N/A
Nazareth,Nazareth,TBC,TBC,TBC,"Matt 2:23, Matt 4:13, Matt 21:11, Matt 26:71, Mark 1:9, Mark 1:24, Mark 10:47, Mark 16:6, Luke 1:26, Luke 2:4, Luke 2:39, Luke 2:51, Luke 4:16, Luke 4:34, Luke 18:37, Luke 24:19, John 1:45, John 1:46, John 18:5, John 18:7, John 19:19, Acts 2:22, Acts 3:6, Acts 4:10, Acts 6:14, Acts 10:38, Acts 22:8, Acts 26:9",0.0,0.0,N/A,N/A
Neah,Neiel,TBC,TBC,TBC,Josh 19:13,0.0,0.0,N/A,N/A
Neapolis,Neapolis,TBC,TBC,TBC,Acts 16:11,0.0,0.0,N/A,N/A
Nebaioth,Sela,(Nabateans  Petra),TBC,TBC,Isa 60:7,0.0,0.0,N/A,N/A
Neballat,TBC,TBC,Neh 11:34,TBC,TBC,31.992079,34.957563,N/A,N/A
Nebo 1,TBC,TBC,"Num 32:3, Num 32:38, Num 33:47, 1 Chr 5:8, Isa 15:2, Jer 48:1, Jer 48:22",TBC,TBC,31.748024,35.743257,N/A,N/A
Nebo 2,TBC,TBC,"Ezra 2:29, Ezra 10:43, Neh 7:33",TBC,TBC,31.606256,35.037417,N/A,N/A
Negeb,TBC,TBC,"Gen 12:9, Gen 13:1, Gen 13:3, Gen 20:1, Gen 24:62, Num 13:17, Num 13:22, Num 13:29, Num 21:1, Num 33:40, Deut 1:7, Deut 34:3, Josh 10:40, Josh 11:16, Josh 12:8, Josh 15:19, Josh 19:8, Judg 1:9, Judg 1:15, Judg 1:16, 1 Sam 27:10, 1 Sam 30:1, 1 Sam 30:14, 1 Sam 30:27, 2 Sam 24:7, 2 Chr 28:18, Ps 126:4, Isa 21:1, Isa 30:6, Jer 13:19, Jer 17:26, Jer 32:44, Jer 33:13, Ezek 20:46, Ezek 20:47, Obad 1:19, Obad 1:20",TBC,TBC,30.3,34.2,N/A,N/A
Nehelam,TBC,TBC,TBC,TBC,"Jer 29:24, Jer 29:31, Jer 29:32",0.0,0.0,N/A,N/A
Neiel,TBC,TBC,Josh 19:27,TBC,TBC,32.894254,35.221877,N/A,N/A
Nephtoah,TBC,TBC,"Josh 15:9, Josh 18:15",TBC,TBC,31.683036,35.167987,N/A,N/A
Netaim,Gederah,TBC,TBC,TBC,1 Chr 4:23,0.0,0.0,N/A,N/A
Netophah,TBC,TBC,"2 Sam 23:28, 2 Sam 23:29, 1 Chr 11:30, 1 Chr 27:13, Ezra 2:22, Neh 7:26",TBC,TBC,31.735465,35.220503,N/A,N/A
New Gate,<Jerusalem,TBC,TBC,TBC,"Jer 26:10, Jer 36:10",0.0,0.0,N/A,N/A
Nezib,TBC,TBC,Josh 15:43,TBC,TBC,31.58805,34.992389,N/A,N/A
Nibshan,City of Salt,TBC,TBC,TBC,Josh 15:62,0.0,0.0,N/A,N/A
Nicopolis,TBC,TBC,Titus 3:12,TBC,TBC,39.024033,20.73573,N/A,N/A
Nile,TBC,TBC,"Gen 41:1, Gen 41:2, Gen 41:3, Gen 41:17, Gen 41:18, Ex 1:22, Ex 4:9, Ex 7:15, Ex 7:17, Ex 7:18, Ex 7:20, Ex 7:21, Ex 7:24, Ex 7:25, Ex 8:3, Ex 8:9, Ex 8:11, Ex 17:5, 1 Chr 13:5, Isa 19:6, Isa 19:7, Isa 19:8, Isa 23:3, Isa 23:10, Jer 2:18, Jer 46:7, Jer 46:8, Ezek 29:3, Ezek 29:9, Ezek 30:12, Amos 8:8, Amos 9:5, Nahum 3:8, Zech 10:11",TBC,TBC,30.092632,31.230987,N/A,N/A
Nimrah,Beth-nimrah,TBC,TBC,TBC,Num 32:3,0.0,0.0,N/A,N/A
Nimrim,TBC,TBC,"Isa 15:6, Jer 48:34",TBC,TBC,31.133191,35.531138,N/A,N/A
Nimrod,Babylon,figurative,TBC,TBC,Mic 5:6,0.0,0.0,N/A,N/A
Nineveh,TBC,TBC,"Gen 10:11, Gen 10:12, 2 Kgs 19:36, Isa 37:37, Jonah 1:2, Jonah 3:2, Jonah 3:3, Jonah 3:4, Jonah 3:5, Jonah 3:6, Jonah 3:7, Jonah 4:11, Nahum 1:1, Nahum 2:8, Nahum 3:7, Zeph 2:13, Matt 12:41, Luke 11:30, Luke 11:32",TBC,TBC,36.35941,43.152887,N/A,N/A
Nob,TBC,TBC,"1 Sam 21:1, 1 Sam 22:9, 1 Sam 22:11, 1 Sam 22:19, Neh 11:32, Isa 10:32",TBC,TBC,31.799605,35.23298,N/A,N/A
Nobah,Kenath,TBC,TBC,TBC,"Num 32:42, Judg 8:11",0.0,0.0,N/A,N/A
Nod,TBC,TBC,TBC,TBC,Gen 4:16,0.0,0.0,N/A,N/A
Nodab,<Bashan,TBC,TBC,TBC,1 Chr 5:19,0.0,0.0,N/A,N/A
Nohah,Manahath,TBC,TBC,TBC,Judg 20:43,0.0,0.0,N/A,N/A
Nophah,Nobah,TBC,TBC,TBC,Num 21:30,0.0,0.0,N/A,N/A
Oboth,Iye-abarim,TBC,TBC,TBC,"Num 21:10, Num 21:11, Num 33:43, Num 33:44",0.0,0.0,N/A,N/A
Olivet,Mount of Olives,TBC,TBC,TBC,"Luke 19:29, Luke 21:37, Acts 1:12",0.0,0.0,N/A,N/A
On,TBC,TBC,"Gen 41:45, Gen 41:50, Gen 46:20, Ezek 30:17",TBC,TBC,30.108086,31.33822,N/A,N/A
Ono,Ono,TBC,TBC,TBC,"1 Chr 8:12, Ezra 2:33, Neh 6:2, Neh 7:37, Neh 11:35",0.0,0.0,N/A,N/A
Ophel,<Jerusalem,TBC,TBC,TBC,"2 Chr 27:3, 2 Chr 33:14, Neh 3:26, Neh 3:27, Neh 11:21",0.0,0.0,N/A,N/A
Ophir,India,TBC,TBC,TBC,"1 Kgs 9:28, 1 Kgs 10:11, 1 Kgs 22:48, 1 Chr 29:4, 2 Chr 8:18, 2 Chr 9:10, Job 22:24, Job 28:16, Ps 45:9, Isa 13:12",0.0,0.0,N/A,N/A
Ophni,TBC,TBC,Josh 18:24,TBC,TBC,31.961989,35.215483,N/A,N/A
Ophrah 1,Ophrah / Ephraim,TBC,TBC,TBC,"Josh 18:23, 1 Sam 13:17",0.0,0.0,N/A,N/A
Ophrah 2,Ophrah,TBC,TBC,TBC,"Judg 6:11, Judg 6:24, Judg 8:27, Judg 8:32, Judg 9:5",0.0,0.0,N/A,N/A
Paddan,Paddan-aram,TBC,TBC,TBC,Gen 48:7,0.0,0.0,N/A,N/A
Paddan-aram,Haran,TBC,TBC,TBC,"Gen 25:20, Gen 28:2, Gen 28:5, Gen 28:6, Gen 28:7, Gen 31:18, Gen 33:18, Gen 35:9, Gen 35:26, Gen 46:15",0.0,0.0,N/A,N/A
Pai,<Edom,TBC,TBC,TBC,1 Chr 1:50,0.0,0.0,N/A,N/A
Pamphylia,Perga,TBC,TBC,TBC,"Acts 2:10, Acts 13:13, Acts 14:24, Acts 15:38, Acts 27:5",0.0,0.0,N/A,N/A
Paphos,Paphos,TBC,TBC,TBC,"Acts 13:6, Acts 13:13",0.0,0.0,N/A,N/A
Parah,TBC,TBC,Josh 18:23,TBC,TBC,31.833333,35.3,N/A,N/A
Paran,TBC,TBC,"Gen 21:21, Num 10:12, Num 12:16, Num 13:3, Num 13:26, Deut 1:1, 1 Sam 25:1, 1 Kgs 11:18",TBC,TBC,29.151667,33.541944,N/A,N/A
Parvaim,TBC,TBC,TBC,TBC,2 Chr 3:6,0.0,0.0,N/A,N/A
Pas-dammim,Ephes-dammim,TBC,TBC,TBC,1 Chr 11:13,0.0,0.0,N/A,N/A
Patara,Patara,TBC,TBC,TBC,Acts 21:1,0.0,0.0,N/A,N/A
Pathros,region,TBC,"Isa 11:11, Jer 44:1, Jer 44:15, Ezek 29:14, Ezek 30:14",TBC,TBC,28.322364,30.692312,N/A,N/A
Patmos,TBC,TBC,Rev 1:9,TBC,TBC,37.30752,26.548274,N/A,N/A
Pau,Pai,TBC,TBC,TBC,Gen 36:39,0.0,0.0,N/A,N/A
Pekod,Babylon,TBC,TBC,TBC,"Jer 50:21, Ezek 23:23",0.0,0.0,N/A,N/A
Pelusium,Sin,TBC,TBC,TBC,"Ezek 30:15, Ezek 30:16",0.0,0.0,N/A,N/A
Peniel,Peniel,TBC,TBC,TBC,Gen 32:30,0.0,0.0,N/A,N/A
Penuel,Peniel,TBC,TBC,TBC,"Gen 32:31, Judg 8:8, Judg 8:9, Judg 8:17, 1 Kgs 12:25",0.0,0.0,N/A,N/A
People's Gate,<Jerusalem,TBC,TBC,TBC,Jer 17:19,0.0,0.0,N/A,N/A
Peor,Pisgah,TBC,TBC,TBC,"Num 23:28, Num 25:3, Num 25:5, Num 25:18, Num 31:16, Deut 4:3, Josh 22:17, Ps 106:28",0.0,0.0,N/A,N/A
Perez-uzza,Perez-uzzah,TBC,TBC,TBC,1 Chr 13:11,0.0,0.0,N/A,N/A
Perez-uzzah,Jerusalem,TBC,TBC,TBC,2 Sam 6:8,0.0,0.0,N/A,N/A
Perga,Perga,TBC,TBC,TBC,"Acts 13:13, Acts 13:14, Acts 14:25",0.0,0.0,N/A,N/A
Pergamum,Pergamum,TBC,TBC,TBC,"Rev 1:11, Rev 2:12",0.0,0.0,N/A,N/A
Persia,Ecbatana,TBC,TBC,TBC,"2 Chr 36:20, 2 Chr 36:22, 2 Chr 36:23, Ezra 1:1, Ezra 1:2, Ezra 1:8, Ezra 3:7, Ezra 4:3, Ezra 4:5, Ezra 4:7, Ezra 4:24, Ezra 6:14, Ezra 7:1, Ezra 9:9, Est 1:3, Est 1:14, Est 1:18, Est 10:2, Ezek 27:10, Ezek 38:5, Dan 8:20, Dan 10:1, Dan 10:13, Dan 10:20, Dan 11:2",0.0,0.0,N/A,N/A
Pethor,TBC,TBC,"Num 22:5, Deut 23:4",TBC,TBC,36.654616,38.068879,http://www.aushariye.hum.ku.dk/images/large/fig-01.htm,http://www.aushariye.hum.ku.dk/images/large/fig-01.htm
Pharpar,river,TBC,2 Kgs 5:12,TBC,TBC,33.379601,36.306085,N/A,N/A
Philadelphia,Philadelphia,TBC,TBC,TBC,"Rev 1:11, Rev 3:7",0.0,0.0,N/A,N/A
Philippi,Phillippi,TBC,TBC,TBC,"Acts 16:12, Acts 20:6, Phil 1:1, 1 Thes 2:2",0.0,0.0,N/A,N/A
Philistia,Sidon,TBC,TBC,TBC,"Ex 15:14, Ps 60:8, Ps 83:7, Ps 87:4, Ps 108:9, Isa 14:29, Isa 14:31, Joel 3:4, Zech 9:6",0.0,0.0,N/A,N/A
Phoenicia,Sidon,TBC,TBC,TBC,"Acts 11:19, Acts 15:3, Acts 21:2",0.0,0.0,N/A,N/A
Phoenix,Phoenix,TBC,TBC,TBC,Acts 27:12,0.0,0.0,N/A,N/A
Phrygia,Laodicea,TBC,TBC,TBC,"Acts 2:10, Acts 16:6, Acts 18:23",0.0,0.0,N/A,N/A
Pi-beseth,TBC,TBC,Ezek 30:17,TBC,TBC,30.583333,31.5,N/A,N/A
Pi-hahiroth,TBC,TBC,"Ex 14:2, Ex 14:9, Num 33:7",TBC,TBC,29.94658,32.425144,N/A,N/A
Pirathon,now Faroun,TBC,"Judg 12:15, 2 Sam 23:30, 1 Chr 11:31, 1 Chr 27:14",TBC,TBC,32.286022,35.022944,N/A,N/A
Pisgah,Pisgah,TBC,TBC,TBC,"Num 21:20, Num 23:14, Deut 3:17, Deut 3:27, Deut 4:49, Deut 34:1, Josh 12:3, Josh 13:20",0.0,0.0,N/A,N/A
Pishon,TBC,TBC,TBC,TBC,Gen 2:11,0.0,0.0,N/A,N/A
Pisidia,Antioch 2,TBC,TBC,TBC,"Acts 13:14, Acts 14:24",0.0,0.0,N/A,N/A
Pithom,Pithom,TBC,TBC,TBC,Ex 1:11,0.0,0.0,N/A,N/A
Place of a Skull,Jerusalem,TBC,TBC,TBC,"Matt 27:33, Mark 15:22",0.0,0.0,N/A,N/A
Plain,Valley of Jericho,TBC,TBC,TBC,Deut 34:3,0.0,0.0,N/A,N/A
Pontus,region,TBC,"Acts 2:9, Acts 18:2, 1 Pet 1:1",TBC,TBC,40.905222,37.799969,N/A,N/A
Pool of Shelah,<Jerusalem,TBC,TBC,TBC,Neh 3:15,0.0,0.0,N/A,N/A
Potsherd Gate,<Jerusalem,TBC,TBC,TBC,Jer 19:2,0.0,0.0,N/A,N/A
Ptolemais,Acco,TBC,TBC,TBC,Acts 21:7,0.0,0.0,N/A,N/A
Pul,Put,TBC,TBC,TBC,Isa 66:19,0.0,0.0,N/A,N/A
Punon,Oboth,TBC,TBC,TBC,"Num 33:42, Num 33:43",0.0,0.0,N/A,N/A
Put,Libya,TBC,TBC,TBC,"Jer 46:9, Ezek 27:10, Ezek 30:5, Ezek 38:5, Nahum 3:9",0.0,0.0,N/A,N/A
Puteoli,Puteoli,TBC,TBC,TBC,Acts 28:13,0.0,0.0,N/A,N/A
Raamah,TBC,TBC,Ezek 27:22,TBC,TBC,15.68,42.78,N/A,N/A
Raamses,Pithom,TBC,TBC,TBC,Ex 1:11,0.0,0.0,N/A,N/A
Rabbah,Ammon,TBC,TBC,TBC,"Deut 3:11, Josh 13:25, Josh 15:60, 2 Sam 11:1, 2 Sam 12:26, 2 Sam 12:27, 2 Sam 12:29, 2 Sam 17:27, 1 Chr 20:1, Jer 49:2, Jer 49:3, Ezek 21:20, Ezek 25:5, Amos 1:14",0.0,0.0,N/A,N/A
Rabbith,TBC,TBC,Josh 19:20,TBC,TBC,32.391416,35.377302,N/A,N/A
Racal,Carmel,TBC,TBC,TBC,1 Sam 30:29,0.0,0.0,N/A,N/A
Rahab,Egypt,TBC,TBC,TBC,"Job 9:13, Job 26:12, Ps 87:4, Ps 89:10, Isa 30:7, Isa 51:9",0.0,0.0,N/A,N/A
Rakkath,Tiberias,TBC,TBC,TBC,Josh 19:35,0.0,0.0,N/A,N/A
Rakkon,TBC,TBC,Josh 19:46,TBC,TBC,32.132898,34.788144,N/A,N/A
Ramah 1,Ramah,TBC,TBC,TBC,"Josh 18:25, Josh 19:8, Judg 4:5, Judg 19:13, 1 Kgs 15:17, 1 Kgs 15:21, 1 Kgs 15:22, 2 Chr 16:1, 2 Chr 16:5, 2 Chr 16:6, Ezra 2:26, Neh 7:30, Neh 11:33, Isa 10:29, Jer 31:15, Jer 40:1, Hos 5:8, Matt 2:18",0.0,0.0,N/A,N/A
Ramah 2,TBC,TBC,Josh 19:29,TBC,TBC,33.111078,35.310464,N/A,N/A
Ramah 3,TBC,TBC,Josh 19:36,TBC,TBC,32.93901,35.368123,N/A,N/A
Ramah 4,Mizpah 3,TBC,TBC,TBC,"1 Sam 1:19, 1 Sam 2:11, 1 Sam 7:17, 1 Sam 8:4, 1 Sam 15:34, 1 Sam 16:13, 1 Sam 19:18, 1 Sam 19:19, 1 Sam 19:22, 1 Sam 19:23, 1 Sam 20:1, 1 Sam 25:1, 1 Sam 28:3",0.0,0.0,N/A,N/A
Ramah 5,Ramoth-gilead,TBC,TBC,TBC,"2 Kgs 8:29, 2 Chr 22:6",0.0,0.0,N/A,N/A
Ramathaim-zophim,Ramah 4,TBC,TBC,TBC,1 Sam 1:1,0.0,0.0,N/A,N/A
Ramath-lehi,Lehi,TBC,TBC,TBC,Judg 15:17,0.0,0.0,N/A,N/A
Ramath-mizpeh,Mizpah 1,TBC,TBC,TBC,Josh 13:26,0.0,0.0,N/A,N/A
Rameses,Rameses,TBC,TBC,TBC,"Gen 47:11, Ex 12:37, Num 33:3, Num 33:5",0.0,0.0,N/A,N/A
Ramoth 1,Jezreel 2,TBC,TBC,TBC,"1 Chr 6:73, 1 Chr 6:80",0.0,0.0,N/A,N/A
Ramoth 2,Baalath-beer,TBC,TBC,TBC,1 Sam 30:27,0.0,0.0,N/A,N/A
Ramoth 3,Ramoth-gilead,TBC,TBC,TBC,"Deut 4:43, Josh 20:8, Josh 21:38",0.0,0.0,N/A,N/A
Ramoth-gilead,Ramoth Gilead,TBC,TBC,TBC,"1 Kgs 4:13, 1 Kgs 22:3, 1 Kgs 22:4, 1 Kgs 22:6, 1 Kgs 22:12, 1 Kgs 22:15, 1 Kgs 22:20, 1 Kgs 22:29, 2 Kgs 8:28, 2 Kgs 9:1, 2 Kgs 9:4, 2 Kgs 9:14, 2 Chr 18:2, 2 Chr 18:3, 2 Chr 18:5, 2 Chr 18:11, 2 Chr 18:14, 2 Chr 18:19, 2 Chr 18:28, 2 Chr 22:5",0.0,0.0,N/A,N/A
Recah,Bethlehem 1,TBC,TBC,TBC,1 Chr 4:12,0.0,0.0,N/A,N/A
Red Sea,water,TBC,"Ex 10:19, Ex 13:18, Ex 15:4, Ex 15:22, Ex 23:31, Num 14:25, Num 21:4, Num 33:10, Num 33:11, Deut 1:40, Deut 2:1, Deut 11:4, Josh 2:10, Josh 4:23, Josh 24:6, Judg 11:16, 1 Kgs 9:26, Neh 9:9, Ps 106:7, Ps 106:9, Ps 106:22, Ps 136:13, Ps 136:15, Jer 49:21, Acts 7:36, Heb 11:29",TBC,TBC,27.088473,34.771729,N/A,N/A
Rehob 1,Beth-rehob,TBC,TBC,TBC,"Num 13:21, 2 Sam 10:8",0.0,0.0,N/A,N/A
Rehob 2,Hammon,TBC,TBC,TBC,Josh 19:28,0.0,0.0,N/A,N/A
Rehob 3,Helkath,TBC,TBC,TBC,"Josh 19:30, Josh 21:31, Judg 1:31, 1 Chr 6:75",0.0,0.0,N/A,N/A
Rehoboth 1,TBC,TBC,Gen 26:22,TBC,TBC,31.066829,34.59783,N/A,N/A
Rehoboth 2,Zered,TBC,TBC,TBC,"Gen 36:37, 1 Chr 1:48",0.0,0.0,N/A,N/A
Rehoboth-Ir,Nineveh,TBC,TBC,TBC,Gen 10:11,0.0,0.0,N/A,N/A
Rekem,Irpeel,TBC,TBC,TBC,Josh 18:27,0.0,0.0,N/A,N/A
Remeth,Ramoth 1,TBC,TBC,TBC,Josh 19:21,0.0,0.0,N/A,N/A
Rephaim,Bashan,TBC,TBC,TBC,Deut 3:13,0.0,0.0,N/A,N/A
Rephidim,Rephidim,TBC,TBC,TBC,"Ex 17:1, Ex 17:8, Ex 19:2, Num 33:14, Num 33:15",0.0,0.0,N/A,N/A
Resen,Nineveh,TBC,TBC,TBC,Gen 10:12,0.0,0.0,N/A,N/A
Rezeph,TBC,TBC,"2 Kgs 19:12, Isa 37:12",TBC,TBC,35.95,39.016667,N/A,http://en.wikipedia.org/wiki/Resafa
Rhegium,Rhegium,TBC,TBC,TBC,Acts 28:13,0.0,0.0,N/A,N/A
Rhodes,Rhodes,TBC,TBC,TBC,Acts 21:1,0.0,0.0,N/A,N/A
Riblah 1,TBC,TBC,"2 Kgs 23:33, 2 Kgs 25:6, 2 Kgs 25:20, 2 Kgs 25:21, Jer 39:5, Jer 39:6, Jer 52:9, Jer 52:10, Jer 52:26, Jer 52:27, Ezek 6:14",TBC,TBC,34.431703,36.545259,N/A,N/A
Riblah 2,Ain 1,TBC,TBC,TBC,Num 34:11,0.0,0.0,N/A,N/A
Rimmon 1,TBC,TBC,"Judg 20:45, Judg 20:47, Judg 21:13",TBC,TBC,31.93466,35.297063,N/A,N/A
Rimmon 2,Ain 1,TBC,TBC,TBC,"Josh 15:32, Josh 19:7, 1 Chr 4:32, Zech 14:10",0.0,0.0,N/A,N/A
Rimmon 3,Dimnah,TBC,TBC,TBC,Josh 19:13,0.0,0.0,N/A,N/A
Rimmono,Rimmon 3,TBC,TBC,TBC,1 Chr 6:77,0.0,0.0,N/A,N/A
Rimmon-perez,Libnah 2,TBC,TBC,TBC,"Num 33:19, Num 33:20",0.0,0.0,N/A,N/A
Rissah,Kehelathah,TBC,TBC,TBC,"Num 33:21, Num 33:22",0.0,0.0,N/A,N/A
Rithmah,Rimmon-perez,TBC,TBC,TBC,"Num 33:18, Num 33:19",0.0,0.0,N/A,N/A
River,Euphrates,TBC,TBC,TBC,"Num 22:5, Deut 11:24, Josh 24:3, Josh 24:14, Josh 24:15, Ps 72:8, Ps 80:11, Isa 7:20, Isa 8:7, Isa 11:15, Mic 7:12, Zech 9:10",0.0,0.0,N/A,N/A
Rock of Escape,Maon,TBC,TBC,TBC,1 Sam 23:28,0.0,0.0,N/A,N/A
Rogelim,Mahanaim,TBC,TBC,TBC,"2 Sam 17:27, 2 Sam 19:31",0.0,0.0,N/A,N/A
Rome,Rome,TBC,TBC,TBC,"Acts 2:10, Acts 18:2, Acts 19:21, Acts 23:11, Acts 28:14, Acts 28:16, Rom 1:7, Rom 1:15, 2 Tim 1:17",0.0,0.0,N/A,N/A
Rumah,Arumah,TBC,TBC,TBC,2 Kgs 23:36,0.0,0.0,N/A,N/A
Sahar,Helbon,TBC,TBC,TBC,Ezek 27:18,0.0,0.0,N/A,N/A
Salamis,Salamis,TBC,TBC,TBC,Acts 13:5,0.0,0.0,N/A,N/A
Salecah,TBC,TBC,"Deut 3:10, Josh 12:5, Josh 13:11, 1 Chr 5:11",TBC,TBC,32.493941,36.710337,N/A,N/A
Salem,Jerusalem,TBC,TBC,TBC,"Gen 14:18, Ps 76:2, Heb 7:1, Heb 7:2",0.0,0.0,N/A,N/A
Salim,Salim,TBC,TBC,TBC,John 3:23,0.0,0.0,N/A,N/A
Salmone,Salmone,TBC,TBC,TBC,Acts 27:7,0.0,0.0,N/A,N/A
Salt Sea,TBC,TBC,"Gen 14:3, Num 34:3, Num 34:12, Deut 3:17, Josh 3:16, Josh 12:3, Josh 15:2, Josh 15:5, Josh 18:19",TBC,TBC,31.538593,35.482268,N/A,N/A
Samaria,Samaria,TBC,TBC,TBC,"1 Kgs 13:32, 1 Kgs 16:24, 1 Kgs 16:28, 1 Kgs 16:29, 1 Kgs 16:32, 1 Kgs 18:2, 1 Kgs 20:1, 1 Kgs 20:10, 1 Kgs 20:17, 1 Kgs 20:34, 1 Kgs 20:43, 1 Kgs 21:1, 1 Kgs 21:18, 1 Kgs 22:10, 1 Kgs 22:37, 1 Kgs 22:38, 1 Kgs 22:51, 2 Kgs 1:2, 2 Kgs 1:3, 2 Kgs 2:25, 2 Kgs 3:1, 2 Kgs 3:6, 2 Kgs 5:3, 2 Kgs 6:19, 2 Kgs 6:20, 2 Kgs 6:24, 2 Kgs 6:25, 2 Kgs 7:1, 2 Kgs 7:18, 2 Kgs 10:1, 2 Kgs 10:12, 2 Kgs 10:17, 2 Kgs 10:35, 2 Kgs 10:36, 2 Kgs 13:1, 2 Kgs 13:6, 2 Kgs 13:9, 2 Kgs 13:10, 2 Kgs 13:13, 2 Kgs 14:14, 2 Kgs 14:16, 2 Kgs 14:23, 2 Kgs 15:8, 2 Kgs 15:13, 2 Kgs 15:14, 2 Kgs 15:17, 2 Kgs 15:23, 2 Kgs 15:25, 2 Kgs 15:27, 2 Kgs 17:1, 2 Kgs 17:5, 2 Kgs 17:6, 2 Kgs 17:24, 2 Kgs 17:26, 2 Kgs 17:28, 2 Kgs 18:9, 2 Kgs 18:10, 2 Kgs 18:34, 2 Kgs 21:13, 2 Kgs 23:18, 2 Kgs 23:19, 2 Chr 18:2, 2 Chr 18:9, 2 Chr 22:9, 2 Chr 25:13, 2 Chr 25:24, 2 Chr 28:8, 2 Chr 28:9, 2 Chr 28:15, Ezra 4:10, Ezra 4:17, Neh 4:2, Isa 7:9, Isa 8:4, Isa 9:9, Isa 10:9, Isa 10:10, Isa 10:11, Isa 36:19, Jer 23:13, Jer 31:5, Jer 41:5, Ezek 16:46, Ezek 16:51, Ezek 16:53, Ezek 16:55, Ezek 23:4, Ezek 23:33, Hos 7:1, Hos 8:5, Hos 8:6, Hos 10:5, Hos 13:16, Amos 3:9, Amos 3:12, Amos 4:1, Amos 6:1, Obad 1:19, Mic 1:1, Mic 1:5, Mic 1:6, Luke 17:11, John 4:4, John 4:5, John 4:7, John 4:9, Acts 1:8, Acts 8:1, Acts 8:5, Acts 8:9, Acts 8:14, Acts 9:31, Acts 15:3",0.0,0.0,N/A,N/A
Samaria's,Samaria,TBC,TBC,TBC,Hos 10:7,0.0,0.0,N/A,N/A
Samos,TBC,TBC,Acts 20:15,TBC,TBC,37.715172,26.934167,N/A,N/A
Samothrace,TBC,TBC,Acts 16:11,TBC,TBC,40.467279,25.486069,N/A,N/A
Sansannah,Hazar-susah,TBC,TBC,TBC,Josh 15:31,0.0,0.0,N/A,N/A
Sardis,Sardis,TBC,TBC,TBC,"Rev 1:11, Rev 3:1, Rev 3:4",0.0,0.0,N/A,N/A
Sarid,Sarid,TBC,TBC,TBC,"Josh 19:10, Josh 19:12",0.0,0.0,N/A,N/A
Sea of Chinnereth,Sea of Galilee,TBC,TBC,TBC,"Num 34:11, Josh 13:27",0.0,0.0,N/A,N/A
Sea of Chinneroth,Sea of Galilee,TBC,TBC,TBC,Josh 12:3,0.0,0.0,N/A,N/A
Sea of Egypt,Red Sea,water,TBC,TBC,Isa 11:15,0.0,0.0,N/A,N/A
Sea of Galilee,Sea of Galilee,water,TBC,TBC,"Matt 4:18, Matt 15:29, Mark 1:16, Mark 7:31, John 6:1",0.0,0.0,N/A,N/A
Sea of Jazer,Jazer,water,TBC,TBC,Jer 48:32,0.0,0.0,N/A,N/A
Sea of Tiberias,Sea of Galilee,water,TBC,TBC,"John 6:1, John 21:1",0.0,0.0,N/A,N/A
Sea of the Arabah,Salt Sea,water,TBC,TBC,"Deut 3:17, Deut 4:49, Josh 3:16, Josh 12:3, 2 Kgs 14:25",0.0,0.0,N/A,N/A
Sea of the Philistines,Great Sea,water,TBC,TBC,Ex 23:31,0.0,0.0,N/A,N/A
Seba,Sheba,TBC,TBC,TBC,"Ps 72:10, Isa 43:3",0.0,0.0,N/A,N/A
Sebam,Sibmah,TBC,TBC,TBC,Num 32:3,0.0,0.0,N/A,N/A
Secacah,TBC,TBC,Josh 15:61,TBC,TBC,31.766667,35.283333,N/A,N/A
Second Quarter,<Jerusalem,TBC,TBC,TBC,"2 Kgs 22:14, 2 Chr 34:22, Zeph 1:10",0.0,0.0,N/A,N/A
Secu,TBC,TBC,1 Sam 19:22,TBC,TBC,31.883333,35.2,N/A,N/A
Seir,Mount Seir 1,TBC,TBC,TBC,"Gen 14:6, Gen 32:3, Gen 33:14, Gen 33:16, Gen 36:8, Gen 36:9, Gen 36:30, Num 24:18, Deut 1:44, Deut 2:4, Deut 2:8, Deut 2:12, Deut 2:22, Deut 2:29, Deut 33:2, Josh 11:17, Josh 12:7, Josh 24:4, Judg 5:4, 2 Chr 20:23, 2 Chr 25:11, 2 Chr 25:14, Isa 21:11, Ezek 25:8",0.0,0.0,N/A,N/A
Seirah,Bethel 1,SE Ephraim,TBC,TBC,Judg 3:26,0.0,0.0,N/A,N/A
Sela,Petra,TBC,TBC,TBC,"Judg 1:36, 2 Kgs 14:7, Isa 16:1, Isa 42:11",0.0,0.0,N/A,N/A
Seleucia,Seleucia,TBC,TBC,TBC,Acts 13:4,0.0,0.0,N/A,N/A
Seneh,Seneh,TBC,TBC,TBC,1 Sam 14:4,0.0,0.0,N/A,N/A
Senir,Mount Hermon,TBC,TBC,TBC,"Deut 3:9, 1 Chr 5:23, Sng 4:8, Ezek 27:5",0.0,0.0,N/A,N/A
Sephar,TBC,TBC,Gen 10:30,TBC,TBC,14.550219,44.392642,N/A,N/A
Sepharad,Sardis,TBC,TBC,TBC,Obad 1:20,0.0,0.0,N/A,N/A
Sepharvaim,TBC,TBC,"2 Kgs 17:24, 2 Kgs 17:31, 2 Kgs 18:34, 2 Kgs 19:13, Isa 36:19, Isa 37:13",TBC,TBC,33.789693,44.459399,N/A,N/A
Serpent's Stone,En-rogel,TBC,TBC,TBC,1 Kgs 1:9,0.0,0.0,N/A,N/A
Shaalabbin,Shaalbim,TBC,TBC,TBC,Josh 19:42,0.0,0.0,N/A,N/A
Shaalbim,now Salbit,TBC,"Judg 1:35, 1 Kgs 4:9",TBC,TBC,31.870364,34.981728,N/A,N/A
Shaalim,Gibeon,TBC,TBC,TBC,1 Sam 9:4,0.0,0.0,N/A,N/A
Shaaraim 1,TBC,TBC,"Josh 15:36, 1 Sam 17:52",TBC,TBC,31.7001,34.89532,N/A,N/A
Shaaraim 2,Sharuhen,TBC,TBC,TBC,1 Chr 4:31,0.0,0.0,N/A,N/A
Shahazumah,Beth-shemesh 2,TBC,TBC,TBC,Josh 19:22,0.0,0.0,N/A,N/A
Shalishah,Gibeon,TBC,TBC,TBC,1 Sam 9:4,0.0,0.0,N/A,N/A
Shallecheth,<Jerusalem,TBC,TBC,TBC,1 Chr 26:16,0.0,0.0,N/A,N/A
Shamir 1,TBC,TBC,Josh 15:48,TBC,TBC,31.416667,34.933333,N/A,N/A
Shamir 2,now Sanur,TBC,"Judg 10:1, Judg 10:2",TBC,TBC,32.36047,35.250054,N/A,N/A
Shaphir,TBC,TBC,Mic 1:11,TBC,TBC,31.743719,34.694006,N/A,N/A
Sharon 1,region,TBC,"1 Chr 27:29, Sng 2:1, Isa 33:9, Isa 35:2, Isa 65:10, Acts 9:35",TBC,TBC,32.639068,34.945929,N/A,N/A
Sharon 2,Mount Hermon,TBC,TBC,TBC,1 Chr 5:16,0.0,0.0,N/A,N/A
Sharuhen,TBC,TBC,Josh 19:6,TBC,TBC,31.282222,34.4825,N/A,N/A
Shaveh-kiriathaim,Kiriathaim 1,TBC,TBC,TBC,Gen 14:5,0.0,0.0,N/A,N/A
Sheba,region,TBC,"Josh 19:2, 1 Kgs 10:1, 1 Kgs 10:4, 1 Kgs 10:10, 1 Kgs 10:13, 2 Chr 9:1, 2 Chr 9:3, 2 Chr 9:9, 2 Chr 9:12, Job 6:19, Ps 72:10, Ps 72:15, Isa 60:6, Jer 6:20, Ezek 27:22, Ezek 27:23, Ezek 38:13",TBC,TBC,9.022736,38.746799,N/A,N/A
Shebarim,Ai 1,TBC,TBC,TBC,Josh 7:5,0.0,0.0,N/A,N/A
Shechem,Shechem,TBC,TBC,TBC,"Gen 12:6, Gen 33:18, Gen 35:4, Gen 37:12, Gen 37:13, Gen 37:14, Josh 17:7, Josh 20:7, Josh 21:21, Josh 24:1, Josh 24:25, Josh 24:32, Judg 8:31, Judg 9:1, Judg 9:2, Judg 9:3, Judg 9:6, Judg 9:7, Judg 9:18, Judg 9:20, Judg 9:23, Judg 9:24, Judg 9:25, Judg 9:26, Judg 9:28, Judg 9:31, Judg 9:34, Judg 9:39, Judg 9:41, Judg 9:57, Judg 21:19, 1 Kgs 12:1, 1 Kgs 12:25, 1 Chr 6:67, 1 Chr 7:28, 2 Chr 10:1, Ps 60:6, Ps 108:7, Jer 41:5, Hos 6:9, Acts 7:16",0.0,0.0,N/A,N/A
Sheep Gate,<Jerusalem,TBC,TBC,TBC,"Neh 3:1, Neh 3:32, Neh 12:39, John 5:2",0.0,0.0,N/A,N/A
Shema,Moladah,TBC,TBC,TBC,Josh 15:26,0.0,0.0,N/A,N/A
Shen,Mizpah 3,TBC,TBC,TBC,1 Sam 7:12,0.0,0.0,N/A,N/A
Shepham,Riblah 2,TBC,TBC,TBC,"Num 34:10, Num 34:11",0.0,0.0,N/A,N/A
Shephelah,Ekron,region,TBC,TBC,"1 Kgs 10:27, 1 Chr 27:28, 2 Chr 1:15, 2 Chr 9:27, 2 Chr 26:10, 2 Chr 28:18, Jer 17:26, Jer 32:44, Jer 33:13, Obad 1:19",0.0,0.0,N/A,N/A
Shibah,Beersheba,TBC,TBC,TBC,Gen 26:33,0.0,0.0,N/A,N/A
Shihor,Brook of Egypt,; river,TBC,TBC,"Josh 13:3, Isa 23:3",0.0,0.0,N/A,N/A
Shihor-libnath,TBC,TBC,Josh 19:26,TBC,TBC,32.538496,34.907697,N/A,N/A
Shikkeron,Ekron,TBC,TBC,TBC,Josh 15:11,0.0,0.0,N/A,N/A
Shilhim,Shaaraim 2,TBC,TBC,TBC,Josh 15:32,0.0,0.0,N/A,N/A
Shiloah,Pool of Shelah,TBC,TBC,TBC,Isa 8:6,0.0,0.0,N/A,N/A
Shiloh,Shiloh,TBC,TBC,TBC,"Josh 18:1, Josh 18:8, Josh 18:9, Josh 18:10, Josh 19:51, Josh 21:2, Josh 22:9, Josh 22:12, Judg 18:31, Judg 21:12, Judg 21:19, Judg 21:21, 1 Sam 1:3, 1 Sam 1:9, 1 Sam 1:24, 1 Sam 2:14, 1 Sam 3:21, 1 Sam 4:3, 1 Sam 4:4, 1 Sam 4:12, 1 Sam 14:3, 1 Kgs 2:27, 1 Kgs 14:2, 1 Kgs 14:4, Ps 78:60, Jer 7:12, Jer 7:14, Jer 26:6, Jer 26:9, Jer 41:5",0.0,0.0,N/A,N/A
Shimron,Shimron,TBC,TBC,TBC,"Josh 11:1, Josh 19:15",0.0,0.0,N/A,N/A
Shimron-meron,Shimron,TBC,TBC,TBC,Josh 12:20,0.0,0.0,N/A,N/A
Shinar,Mesopotamia,region,TBC,TBC,"Gen 10:10, Gen 11:2, Gen 14:1, Gen 14:9, Josh 7:21, Isa 11:11, Dan 1:2, Zech 5:11",0.0,0.0,N/A,N/A
Shion,TBC,TBC,Josh 19:19,TBC,TBC,32.716666,35.333334,N/A,N/A
Shittim,Abel-shittim,TBC,TBC,TBC,"Num 25:1, Josh 2:1, Josh 3:1, Mic 6:5",0.0,0.0,N/A,N/A
Shoa,Koa,TBC,TBC,TBC,Ezek 23:23,0.0,0.0,N/A,N/A
Shual,Ophrah 1,TBC,TBC,TBC,1 Sam 13:17,0.0,0.0,N/A,N/A
Shunem,Shunem,TBC,TBC,TBC,"Josh 19:18, 1 Sam 28:4, 2 Kgs 4:8",0.0,0.0,N/A,N/A
Shur,TBC,TBC,"Gen 16:7, Gen 20:1, Gen 25:18, Ex 15:22, 1 Sam 15:7, 1 Sam 27:8",TBC,TBC,30.2354,33.247,N/A,N/A
Sibmah,TBC,TBC,"Num 32:38, Josh 13:19, Isa 16:8, Isa 16:9, Jer 48:32",TBC,TBC,31.815283,35.766738,N/A,N/A
Sibraim,Hamath,TBC,TBC,TBC,Ezek 47:16,0.0,0.0,N/A,N/A
Sidon,Sidon,TBC,TBC,TBC,"Gen 10:19, Gen 49:13, Judg 1:31, Judg 10:6, Judg 18:28, 2 Sam 24:6, 1 Kgs 17:9, Isa 23:2, Isa 23:4, Isa 23:12, Jer 25:22, Jer 27:3, Jer 47:4, Ezek 27:8, Ezek 28:21, Ezek 28:22, Joel 3:4, Zech 9:2, Matt 11:21, Matt 11:22, Matt 15:21, Mark 3:8, Mark 7:24, Mark 7:31, Luke 4:26, Luke 6:17, Luke 10:13, Luke 10:14, Acts 12:20, Acts 27:3",0.0,0.0,N/A,N/A
Sidon the Great,Sidon,TBC,TBC,TBC,Josh 19:28,0.0,0.0,N/A,N/A
Silla,Jerusalem,TBC,TBC,TBC,2 Kgs 12:20,0.0,0.0,N/A,N/A
Siloam,Pool of Shelah,TBC,TBC,TBC,"Luke 13:4, John 9:7, John 9:11",0.0,0.0,N/A,N/A
Sin,region,TBC,"Ex 16:1, Ex 17:1, Num 33:11, Num 33:12",TBC,TBC,28.838778,33.420573,N/A,N/A
Sinai,Mount Sinai,TBC,TBC,TBC,"Ex 16:1, Ex 19:1, Ex 19:2, Lev 7:38, Num 1:1, Num 1:19, Num 3:4, Num 3:14, Num 9:1, Num 9:5, Num 10:12, Num 26:64, Num 33:15, Num 33:16, Deut 33:2, Judg 5:5, Ps 68:17",0.0,0.0,N/A,N/A
Siphmoth,Eshtemoa,TBC,TBC,TBC,1 Sam 30:28,0.0,0.0,N/A,N/A
Sirah,TBC,TBC,2 Sam 3:26,TBC,TBC,31.55,35.1,N/A,N/A
Sirion,Mount Hermon,TBC,TBC,TBC,"Deut 3:9, Ps 29:6, Jer 18:14",0.0,0.0,N/A,N/A
Sitnah,Gerar,TBC,TBC,TBC,Gen 26:21,0.0,0.0,N/A,N/A
Smyrna,Smyrna,TBC,TBC,TBC,"Rev 1:11, Rev 2:8",0.0,0.0,N/A,N/A
Soco,Socoh 1,TBC,TBC,TBC,"2 Chr 11:7, 2 Chr 28:18",0.0,0.0,N/A,N/A
Socoh 1,Socoh,TBC,TBC,TBC,"Josh 15:35, 1 Sam 17:1, 1 Kgs 4:10",0.0,0.0,N/A,N/A
Socoh 2,Debir 1,TBC,TBC,TBC,Josh 15:48,0.0,0.0,N/A,N/A
Sodom,Sodom,TBC,TBC,TBC,"Gen 10:19, Gen 13:10, Gen 13:12, Gen 13:13, Gen 14:2, Gen 14:8, Gen 14:10, Gen 14:11, Gen 14:12, Gen 14:17, Gen 14:21, Gen 14:22, Gen 18:16, Gen 18:20, Gen 18:22, Gen 18:26, Gen 19:1, Gen 19:4, Gen 19:24, Gen 19:28, Deut 29:23, Deut 32:32, Isa 1:9, Isa 1:10, Isa 3:9, Isa 13:19, Jer 23:14, Jer 49:18, Jer 50:40, Lam 4:6, Ezek 16:46, Ezek 16:48, Ezek 16:49, Ezek 16:53, Ezek 16:55, Ezek 16:56, Amos 4:11, Zeph 2:9, Matt 10:15, Matt 11:23, Matt 11:24, Luke 10:12, Luke 17:29, Rom 9:29, 2 Pet 2:6, Jude 1:7, Rev 11:8",0.0,0.0,N/A,N/A
Solomon's,Solomon's Portico,TBC,TBC,TBC,Acts 3:11,0.0,0.0,N/A,N/A
Solomon's Portico,<Jerusalem,KMZ:Solomons porch,TBC,TBC,Acts 5:12,0.0,0.0,N/A,N/A
South,TBC,TBC,TBC,TBC,"Zech 7:7, Matt 12:42, Luke 11:31",0.0,0.0,N/A,N/A
Spain,region,TBC,"Rom 15:24, Rom 15:28",TBC,TBC,40.481391,-3.175332,N/A,N/A
Straight,Damascus,TBC,TBC,TBC,Acts 9:11,0.0,0.0,N/A,N/A
Succoth 1,Succoth [32.2 x 35.6],TBC,TBC,TBC,"Gen 33:17, Josh 13:27, Judg 8:5, Judg 8:6, Judg 8:8, Judg 8:14, Judg 8:15, Judg 8:16, 1 Kgs 7:46, 2 Chr 4:17",0.0,0.0,N/A,N/A
Succoth 2,Succoth [30.6 x 32.2],TBC,TBC,TBC,"Ex 12:37, Ex 13:20, Num 33:5, Num 33:6",0.0,0.0,N/A,N/A
Suph,Red Sea,TBC,TBC,TBC,Deut 1:1,0.0,0.0,N/A,N/A
Suphah,Suph,TBC,TBC,TBC,Num 21:14,0.0,0.0,N/A,N/A
Sur,<Jerusalem,TBC,TBC,TBC,2 Kgs 11:6,0.0,0.0,N/A,N/A
Susa,Susa,TBC,TBC,TBC,"Ezra 4:9, Neh 1:1, Est 1:2, Est 1:5, Est 2:3, Est 2:5, Est 2:8, Est 3:15, Est 4:8, Est 4:16, Est 8:14, Est 8:15, Est 9:6, Est 9:11, Est 9:12, Est 9:13, Est 9:14, Est 9:15, Est 9:18, Dan 8:2",0.0,0.0,N/A,N/A
Sychar,Sychar,TBC,TBC,TBC,John 4:5,0.0,0.0,N/A,N/A
Syene,now Aswan,TBC,"Isa 49:12, Ezek 29:10, Ezek 30:6",TBC,TBC,24.066181,32.895862,N/A,N/A
Syracuse,Syracuse,TBC,TBC,TBC,Acts 28:12,0.0,0.0,N/A,N/A
Syria,Damascus,region,TBC,TBC,"Judg 10:6, 1 Kgs 10:29, 1 Kgs 11:25, 1 Kgs 15:18, 1 Kgs 19:15, 1 Kgs 20:1, 1 Kgs 20:20, 1 Kgs 20:22, 1 Kgs 20:23, 1 Kgs 22:1, 1 Kgs 22:3, 1 Kgs 22:31, 2 Kgs 5:1, 2 Kgs 5:5, 2 Kgs 6:8, 2 Kgs 6:11, 2 Kgs 6:24, 2 Kgs 8:7, 2 Kgs 8:9, 2 Kgs 8:13, 2 Kgs 8:28, 2 Kgs 8:29, 2 Kgs 9:14, 2 Kgs 9:15, 2 Kgs 12:17, 2 Kgs 12:18, 2 Kgs 13:3, 2 Kgs 13:4, 2 Kgs 13:7, 2 Kgs 13:17, 2 Kgs 13:19, 2 Kgs 13:22, 2 Kgs 13:24, 2 Kgs 15:37, 2 Kgs 16:5, 2 Kgs 16:6, 2 Kgs 16:7, 1 Chr 18:6, 2 Chr 1:17, 2 Chr 16:2, 2 Chr 16:7, 2 Chr 18:30, 2 Chr 22:5, 2 Chr 22:6, 2 Chr 28:5, 2 Chr 28:23, Isa 7:1, Isa 7:2, Isa 7:4, Isa 7:5, Isa 7:8, Isa 17:3, Ezek 16:57, Ezek 27:16, Amos 1:5, Matt 4:24, Luke 2:2, Acts 15:23, Acts 15:41, Acts 18:18, Acts 20:3, Acts 21:3, Gal 1:21",0.0,0.0,N/A,N/A
Syrtis,TBC,TBC,Acts 27:17,TBC,TBC,31.766667,18.505556,N/A,N/A
Taanach,Taanach,TBC,TBC,TBC,"Josh 12:21, Josh 17:11, Josh 21:25, Judg 1:27, Judg 5:19, 1 Kgs 4:12, 1 Chr 7:29",0.0,0.0,N/A,N/A
Taanath-shiloh,TBC,TBC,Josh 16:6,TBC,TBC,32.15,35.383333,N/A,N/A
Tabbath,Abel-meholah,TBC,TBC,TBC,Judg 7:22,0.0,0.0,N/A,N/A
Taberah,Kibroth-hattaavah,TBC,TBC,TBC,"Num 11:3, Deut 9:22",0.0,0.0,N/A,N/A
Tabor 1,Mount Tabor,TBC,TBC,TBC,"Josh 19:22, Judg 8:18, Ps 89:12, Jer 46:18, Hos 5:1",0.0,0.0,N/A,N/A
Tabor 2,Chesulloth,TBC,TBC,TBC,1 Chr 6:77,0.0,0.0,N/A,N/A
Tabor 3,Allon-bacuth,TBC,TBC,TBC,1 Sam 10:3,0.0,0.0,N/A,N/A
Tadmor,Tadmor,TBC,TBC,TBC,2 Chr 8:4,0.0,0.0,N/A,N/A
Tahath,Terah,TBC,TBC,TBC,"Num 33:26, Num 33:27",0.0,0.0,N/A,N/A
Tahpanhes,http://en.wikipedia.org/wiki/Tahpanhes,TBC,"Jer 2:16, Jer 43:7, Jer 43:8, Jer 43:9, Jer 44:1, Jer 46:14",TBC,TBC,30.860556,32.171389,N/A,http://en.wikipedia.org/wiki/Tahpanhes
Tamar 1,Tadmor,TBC,TBC,TBC,1 Kgs 9:18,0.0,0.0,N/A,N/A
Tamar 2,TBC,TBC,"Ezek 47:18, Ezek 47:19, Ezek 48:28",TBC,TBC,31.024923,35.064154,N/A,N/A
Tappuah 1,Tappuah,TBC,TBC,TBC,"Josh 12:17, Josh 16:8, Josh 17:8",0.0,0.0,N/A,N/A
Tappuah 2,Enam,TBC,TBC,TBC,Josh 15:34,0.0,0.0,N/A,N/A
Taralah,Zela,TBC,TBC,TBC,Josh 18:27,0.0,0.0,N/A,N/A
Tarshish,Tarshish,TBC,TBC,TBC,"1 Kgs 10:22, 1 Kgs 22:48, 2 Chr 9:21, 2 Chr 20:36, 2 Chr 20:37, Ps 48:7, Ps 72:10, Isa 2:16, Isa 23:1, Isa 23:6, Isa 23:10, Isa 23:14, Isa 60:9, Isa 66:19, Jer 10:9, Ezek 27:12, Ezek 27:25, Ezek 38:13, Jonah 1:3, Jonah 4:2",0.0,0.0,N/A,N/A
Tarsus,Tarsus,TBC,TBC,TBC,"Acts 9:11, Acts 9:30, Acts 11:25, Acts 21:39, Acts 22:3",0.0,0.0,N/A,N/A
Tehaphnehes,Tahpanhes,TBC,TBC,TBC,Ezek 30:18,0.0,0.0,N/A,N/A
Tekoa,Tekoa,TBC,TBC,TBC,"2 Sam 14:2, 2 Sam 14:4, 2 Sam 14:9, 2 Sam 23:26, 1 Chr 11:28, 2 Chr 11:6, 2 Chr 20:20, Jer 6:1, Amos 1:1",0.0,0.0,N/A,N/A
Tel-abib,Calneh,TBC,TBC,TBC,Ezek 3:15,0.0,0.0,N/A,N/A
Telaim,Telem,TBC,TBC,TBC,1 Sam 15:4,0.0,0.0,N/A,N/A
Telassar,Susa,from http://en.wikipedia.org/wiki/Elam,TBC,TBC,"2 Kgs 19:12, Isa 37:12",0.0,0.0,N/A,http://en.wikipedia.org/wiki/Elam
Telem,Bealoth,TBC,TBC,TBC,Josh 15:24,0.0,0.0,N/A,N/A
Tel-harsha,Tel-melah,TBC,TBC,TBC,"Ezra 2:59, Neh 7:61",0.0,0.0,N/A,N/A
Tel-melah,Calneh,from tyndale,TBC,TBC,"Ezra 2:59, Neh 7:61",0.0,0.0,N/A,N/A
Tema,TBC,TBC,"Job 6:19, Isa 21:14, Jer 25:23",TBC,TBC,27.633172,38.554125,N/A,N/A
Teman,region,TBC,"Jer 49:7, Jer 49:20, Ezek 25:13, Amos 1:12, Obad 1:9, Hab 3:3",TBC,TBC,30.203813,35.732568,N/A,N/A
Terah,Mithkah,TBC,TBC,TBC,"Num 33:27, Num 33:28",0.0,0.0,N/A,N/A
The Lord Is There,Jerusalem,TBC,TBC,TBC,Ezek 48:35,0.0,0.0,N/A,N/A
The Place of a Skull,Jerusalem,TBC,TBC,TBC,John 19:17,0.0,0.0,N/A,N/A
The Skull,Jerusalem,TBC,TBC,TBC,Luke 23:33,0.0,0.0,N/A,N/A
The Stone Pavement,<Jerusalem,TBC,TBC,TBC,John 19:13,0.0,0.0,N/A,N/A
Thebes,TBC,TBC,"Jer 46:25, Ezek 30:14, Ezek 30:15, Ezek 30:16, Nahum 3:8",TBC,TBC,25.700025,32.639441,N/A,N/A
Thebez,Thebez,TBC,TBC,TBC,"Judg 9:50, 2 Sam 11:21",0.0,0.0,N/A,N/A
Thessalonica,Thessalonica,TBC,TBC,TBC,"Acts 17:1, Acts 17:11, Acts 17:13, Acts 27:2, Phil 4:16, 2 Tim 4:10",0.0,0.0,N/A,N/A
Three Taverns,TBC,TBC,Acts 28:15,TBC,TBC,41.59132,12.828636,N/A,N/A
Thyatira,Thyatira,TBC,TBC,TBC,"Acts 16:14, Rev 1:11, Rev 2:18, Rev 2:24",0.0,0.0,N/A,N/A
Tiberias,Tiberias,TBC,TBC,TBC,John 6:23,0.0,0.0,N/A,N/A
Tibhath,Betah,TBC,TBC,TBC,1 Chr 18:8,0.0,0.0,N/A,N/A
Tigris,TBC,TBC,"Gen 2:14, Dan 10:4",TBC,TBC,35.983343,43.346466,N/A,N/A
Timnah 1,TBC,TBC,"Gen 38:12, Gen 38:13, Gen 38:14, Josh 15:10, Josh 19:43, Judg 14:1, Judg 14:2, Judg 14:5, 2 Chr 28:18",TBC,TBC,31.784368,34.90968,N/A,N/A
Timnah 2,TBC,TBC,Josh 15:57,TBC,TBC,31.699323,35.040359,N/A,N/A
Timnath-heres,TBC,TBC,Judg 2:9,TBC,TBC,32.121473,35.150392,N/A,N/A
Timnath-serah,Timnath-heres,TBC,TBC,TBC,"Josh 19:50, Josh 24:30",0.0,0.0,N/A,N/A
Tiphsah 1,TBC,TBC,1 Kgs 4:24,TBC,TBC,35.847967,38.73235,N/A,N/A
Tiphsah 2,TBC,TBC,2 Kgs 15:16,TBC,TBC,32.166667,35.166667,N/A,N/A
Tirzah,Tirzah,TBC,TBC,TBC,"Josh 12:24, 1 Kgs 14:17, 1 Kgs 15:21, 1 Kgs 15:33, 1 Kgs 16:6, 1 Kgs 16:8, 1 Kgs 16:9, 1 Kgs 16:15, 1 Kgs 16:17, 1 Kgs 16:23, 2 Kgs 15:14, 2 Kgs 15:16, Sng 6:4",0.0,0.0,N/A,N/A
Tishbe,Hazor 1,from http://www.britam.org/naphtali.html,TBC,TBC,1 Kgs 17:1,0.0,0.0,N/A,http://www.britam.org/naphtali.html
Tob,TBC,TBC,"Judg 11:3, Judg 11:5, 2 Sam 10:6, 2 Sam 10:8",TBC,TBC,32.561735,36.240494,N/A,N/A
Tochen,Ashan,TBC,TBC,TBC,1 Chr 4:32,0.0,0.0,N/A,N/A
Tolad,Eltolad,TBC,TBC,TBC,1 Chr 4:29,0.0,0.0,N/A,N/A
Tophel,TBC,TBC,Deut 1:1,TBC,TBC,30.936991,35.61687,N/A,N/A
Topheth,Valley of Hinnom,TBC,TBC,TBC,"2 Kgs 23:10, Jer 7:31, Jer 7:32, Jer 19:6, Jer 19:11, Jer 19:12, Jer 19:13, Jer 19:14",0.0,0.0,N/A,N/A
Tower of Hananel,<Jerusalem,TBC,TBC,TBC,"Neh 3:1, Neh 12:39, Jer 31:38, Zech 14:10",0.0,0.0,N/A,N/A
Tower of Shechem,<Shechem,TBC,TBC,TBC,"Judg 9:46, Judg 9:47, Judg 9:49",0.0,0.0,N/A,N/A
Tower of the Hundred,<Jerusalem,TBC,TBC,TBC,"Neh 3:1, Neh 12:39",0.0,0.0,N/A,N/A
Tower of the Ovens,<Jerusalem,TBC,TBC,TBC,"Neh 3:11, Neh 12:38",0.0,0.0,N/A,N/A
Trachonitis,region,TBC,Luke 3:1,TBC,TBC,32.833333,36.5,N/A,N/A
Troas,Troas,TBC,TBC,TBC,"Acts 16:8, Acts 16:11, Acts 20:5, Acts 20:6, 2 Cor 2:12, 2 Tim 4:13",0.0,0.0,N/A,N/A
Tubal,Pontus,region,TBC,TBC,"Isa 66:19, Ezek 27:13, Ezek 38:2, Ezek 38:3, Ezek 39:1",0.0,0.0,N/A,N/A
Tyre,Tyre,TBC,TBC,TBC,"Josh 19:29, 2 Sam 5:11, 2 Sam 24:7, 1 Kgs 5:1, 1 Kgs 7:13, 1 Kgs 7:14, 1 Kgs 9:11, 1 Kgs 9:12, 1 Chr 14:1, 2 Chr 2:3, 2 Chr 2:11, 2 Chr 2:14, Ps 45:12, Ps 83:7, Ps 87:4, Isa 23:1, Isa 23:5, Isa 23:8, Isa 23:15, Isa 23:17, Jer 25:22, Jer 27:3, Jer 47:4, Ezek 26:2, Ezek 26:3, Ezek 26:4, Ezek 26:7, Ezek 26:15, Ezek 27:2, Ezek 27:3, Ezek 27:8, Ezek 27:32, Ezek 28:2, Ezek 28:12, Ezek 29:18, Joel 3:4, Amos 1:9, Amos 1:10, Zech 9:2, Zech 9:3, Matt 11:21, Matt 11:22, Matt 15:21, Mark 3:8, Mark 7:24, Mark 7:31, Luke 6:17, Luke 10:13, Luke 10:14, Acts 12:20, Acts 21:3, Acts 21:7",0.0,0.0,N/A,N/A
Ulai,TBC,TBC,"Dan 8:2, Dan 8:16",TBC,TBC,32.178696,48.22489,N/A,http://en.wikipedia.org/wiki/Ulai
Ummah,TBC,TBC,Josh 19:30,TBC,TBC,33.104377,35.180623,N/A,N/A
Uphaz,Ophir,TBC,TBC,TBC,"Jer 10:9, Dan 10:5",0.0,0.0,N/A,N/A
Upper Beth-horon,Beth-Horon Upper,TBC,TBC,TBC,"Josh 16:5, 1 Chr 7:24, 2 Chr 8:5",0.0,0.0,N/A,N/A
Ur,Ur,Ur,Ur,TBC,"Gen 11:28, Gen 11:31, Gen 15:7, Neh 9:7",0.0,0.0,N/A,N/A
Uz,TBC,TBC,"Job 1:1, Jer 25:20, Lam 4:21",TBC,TBC,30.0334,36.44839,N/A,N/A
Uzal,now Sanaa,TBC,Ezek 27:19,TBC,TBC,15.354879,44.215092,N/A,N/A
Uzza,<Jerusalem,TBC,TBC,TBC,"2 Kgs 21:18, 2 Kgs 21:26",0.0,0.0,N/A,N/A
Uzzen-sheerah,TBC,TBC,1 Chr 7:24,TBC,TBC,31.887821,35.045649,N/A,N/A
Vale of Succoth,Succoth 1,TBC,TBC,TBC,Ps 60:6,0.0,0.0,N/A,N/A
Valley Gate,<Jerusalem,TBC,TBC,TBC,"2 Chr 26:9, Neh 2:13, Neh 2:15, Neh 3:13",0.0,0.0,N/A,N/A
Valley of Achor,TBC,TBC,"Josh 7:24, Josh 7:26, Josh 15:7, Isa 65:10, Hos 2:15",TBC,TBC,31.83689,35.399737,N/A,N/A
Valley of Aijalon,Aijalon,TBC,TBC,TBC,Josh 10:12,0.0,0.0,N/A,N/A
Valley of Aven,TBC,TBC,Amos 1:5,TBC,TBC,34.006944,36.203889,N/A,N/A
Valley of Baca,Valley of Hinnom,TBC,TBC,TBC,Ps 84:6,0.0,0.0,N/A,N/A
Valley of Beracah,TBC,TBC,2 Chr 20:26,TBC,TBC,31.61065,35.165648,N/A,N/A
Valley of Elah,TBC,TBC,"1 Sam 17:2, 1 Sam 17:19, 1 Sam 21:9",TBC,TBC,31.690629,34.963136,N/A,N/A
Valley of Eshcol,Mamre,TBC,TBC,TBC,"Num 13:23, Num 13:24, Num 32:9, Deut 1:24",0.0,0.0,N/A,N/A
Valley of Gerar,Gerar,TBC,TBC,TBC,Gen 26:17,0.0,0.0,N/A,N/A
Valley of Gibeon,Gibeon,TBC,TBC,TBC,Isa 28:21,0.0,0.0,N/A,N/A
Valley of Hamon-gog,Dibon 1,TBC,TBC,TBC,"Ezek 39:11, Ezek 39:15",0.0,0.0,N/A,N/A
Valley of Hebron,Valley of Eshcol,TBC,TBC,TBC,Gen 37:14,0.0,0.0,N/A,N/A
Valley of Hinnom,TBC,TBC,"Josh 15:8, Josh 18:16, Neh 11:30",TBC,TBC,31.769079,35.227994,N/A,N/A
Valley of Iphtahel,TBC,TBC,"Josh 19:14, Josh 19:27",TBC,TBC,32.832774,35.277225,N/A,N/A
Valley of Jehoshaphat,Kidron Valley,TBC,TBC,TBC,"Joel 3:2, Joel 3:12",0.0,0.0,N/A,N/A
Valley of Jericho,Jericho,TBC,TBC,TBC,Deut 34:3,0.0,0.0,N/A,N/A
Valley of Jezreel,Jezreel 3,TBC,TBC,TBC,"Josh 17:16, Judg 6:33, Hos 1:5",0.0,0.0,N/A,N/A
Valley of Lebanon,Mount Hermon,TBC,TBC,TBC,"Josh 11:17, Josh 12:7",0.0,0.0,N/A,N/A
Valley of Mizpeh,TBC,TBC,Josh 11:8,TBC,TBC,33.28177,35.573371,N/A,N/A
Valley of Rephaim,TBC,TBC,"Josh 15:8, Josh 18:16, 2 Sam 5:18, 2 Sam 5:22, 2 Sam 23:13, 1 Chr 11:15, 1 Chr 14:9, Isa 17:5",TBC,TBC,31.756332,35.223059,N/A,N/A
Valley of Salt,from nbd,TBC,"2 Sam 8:13, 2 Kgs 14:7, 1 Chr 18:12, 2 Chr 25:11, Ps 60:1",TBC,TBC,31.087328,35.38374,N/A,N/A
Valley of Shaveh,King's Valley,TBC,TBC,TBC,Gen 14:17,0.0,0.0,N/A,N/A
Valley of Shittim,Abel-shittim,TBC,TBC,TBC,Joel 3:18,0.0,0.0,N/A,N/A
Valley of Siddim,TBC,TBC,"Gen 14:3, Gen 14:8, Gen 14:10",TBC,TBC,31.235341,35.517624,N/A,N/A
Valley of Slaughter,Valley of Hinnom,TBC,TBC,TBC,"Jer 7:32, Jer 19:6",0.0,0.0,N/A,N/A
Valley of Sorek,TBC,TBC,Judg 16:4,TBC,TBC,31.825731,34.989013,N/A,N/A
Valley of Succoth,Succoth 1,TBC,TBC,TBC,Ps 108:7,0.0,0.0,N/A,N/A
Valley of Zeboim,TBC,TBC,1 Sam 13:18,TBC,TBC,31.936283,35.424836,N/A,N/A
Valley of Zephathah,TBC,TBC,2 Chr 14:10,TBC,TBC,31.615198,34.910085,N/A,N/A
Valley of Zered,Zered,TBC,TBC,TBC,Num 21:12,0.0,0.0,N/A,N/A
Valley of the Arnon,Arnon,TBC,TBC,TBC,"Deut 2:24, Deut 2:36, Deut 3:8, Deut 3:12, Deut 3:16, Deut 4:48, Josh 12:1, Josh 12:2, Josh 13:9, Josh 13:16, 2 Kgs 10:33",0.0,0.0,N/A,N/A
Valley of the Son of Hinnom,Valley of Hinnom,TBC,TBC,TBC,"Josh 15:8, Josh 18:16, 2 Kgs 23:10, 2 Chr 28:3, 2 Chr 33:6, Jer 7:31, Jer 7:32, Jer 19:2, Jer 19:6, Jer 32:35",0.0,0.0,N/A,N/A
Valley of the Travelers,Valley of Hamon-gog,TBC,TBC,TBC,Ezek 39:11,0.0,0.0,N/A,N/A
Waheb,Suphah,TBC,TBC,TBC,Num 21:14,0.0,0.0,N/A,N/A
Washer's Field,Valley of Hinnom,TBC,TBC,TBC,"2 Kgs 18:17, Isa 7:3, Isa 36:2",0.0,0.0,N/A,N/A
Water Gate,<Jerusalem,TBC,TBC,TBC,"Neh 3:26, Neh 8:1, Neh 8:3, Neh 8:16, Neh 12:37",0.0,0.0,N/A,N/A
Way of Holiness,Jerusalem,road,TBC,TBC,Isa 35:8,0.0,0.0,N/A,N/A
Wildgoats' Rocks,Engedi,TBC,TBC,TBC,1 Sam 24:2,0.0,0.0,N/A,N/A
Yiron,now Yaroun,TBC,Josh 19:38,TBC,TBC,33.088748,35.414111,N/A,N/A
Zaanan,Zenan,TBC,TBC,TBC,Mic 1:11,0.0,0.0,N/A,N/A
Zaanannim,Kedesh 1,TBC,TBC,TBC,"Josh 19:33, Judg 4:11",0.0,0.0,N/A,N/A
Zair,Zoar,TBC,TBC,TBC,2 Kgs 8:21,0.0,0.0,N/A,N/A
Zalmon,Mount Ebal,TBC,TBC,TBC,Ps 68:14,0.0,0.0,N/A,N/A
Zalmonah,Punon,TBC,TBC,TBC,"Num 33:41, Num 33:42",0.0,0.0,N/A,N/A
Zanoah 1,TBC,TBC,"Josh 15:34, Neh 3:13, Neh 11:30",TBC,TBC,31.716667,35.0,N/A,N/A
Zanoah 2,TBC,TBC,Josh 15:56,TBC,TBC,31.366667,35.0,N/A,N/A
Zaphon,TBC,TBC,"Josh 13:27, Judg 12:1",TBC,TBC,32.23771,35.585865,N/A,N/A
Zarephath,Zarephath,TBC,TBC,TBC,"1 Kgs 17:9, 1 Kgs 17:10, Obad 1:20, Luke 4:26",0.0,0.0,N/A,N/A
Zarethan,TBC,TBC,"Josh 3:16, 1 Kgs 4:12, 1 Kgs 7:46",TBC,TBC,32.267821,35.576613,N/A,N/A
Zeboiim,Admah,TBC,TBC,TBC,"Gen 10:19, Gen 14:2, Gen 14:8, Deut 29:23, Hos 11:8",0.0,0.0,N/A,N/A
Zeboim,Zeboim,TBC,TBC,TBC,Neh 11:34,0.0,0.0,N/A,N/A
Zedad,TBC,TBC,"Num 34:8, Ezek 47:15",TBC,TBC,34.312571,36.925484,N/A,N/A
Zela,Haeleph,TBC,TBC,TBC,"Josh 18:28, 2 Sam 21:14",0.0,0.0,N/A,N/A
Zelzah,TBC,TBC,1 Sam 10:2,TBC,TBC,31.717666,35.187019,N/A,N/A
Zemaraim,TBC,TBC,Josh 18:22,TBC,TBC,31.910999,35.45728,N/A,N/A
Zenan,Shaphir,TBC,TBC,TBC,Josh 15:37,0.0,0.0,N/A,N/A
Zephath,TBC,TBC,Judg 1:17,TBC,TBC,30.880918,34.63062,N/A,N/A
Zer,Hammath,TBC,TBC,TBC,Josh 19:35,0.0,0.0,N/A,N/A
Zered,river,TBC,"Deut 2:13, Deut 2:14",TBC,TBC,30.884128,35.897633,N/A,N/A
Zeredah 1,Mount Ephraim,TBC,TBC,TBC,1 Kgs 11:26,0.0,0.0,N/A,N/A
Zeredah 2,Zarethan,TBC,TBC,TBC,2 Chr 4:17,0.0,0.0,N/A,N/A
Zererah,Zarethan,TBC,TBC,TBC,Judg 7:22,0.0,0.0,N/A,N/A
Zereth-shahar,TBC,TBC,Josh 13:19,TBC,TBC,31.616962,35.567522,N/A,N/A
Ziddim,TBC,TBC,Josh 19:35,TBC,TBC,32.814279,35.435872,N/A,N/A
Ziklag,Ziglag,TBC,TBC,TBC,"Josh 15:31, Josh 19:5, 1 Sam 27:6, 1 Sam 30:1, 1 Sam 30:14, 1 Sam 30:26, 2 Sam 1:1, 2 Sam 4:10, 1 Chr 4:30, 1 Chr 12:1, 1 Chr 12:20, Neh 11:28",0.0,0.0,N/A,N/A
Zimri,Elam,TBC,TBC,TBC,Jer 25:25,0.0,0.0,N/A,N/A
Zin 1,Kadesh-barnea,region,TBC,TBC,"Num 13:21, Num 20:1, Num 27:14, Num 33:36, Num 34:3, Deut 32:51, Josh 15:1",0.0,0.0,N/A,N/A
Zin 2,Kadesh-barnea,TBC,TBC,TBC,"Num 34:4, Josh 15:3",0.0,0.0,N/A,N/A
Zion,Jerusalem,TBC,TBC,TBC,"2 Sam 5:7, 1 Kgs 8:1, 2 Kgs 19:21, 1 Chr 11:5, 2 Chr 5:2, Ps 2:6, Ps 9:11, Ps 9:14, Ps 14:7, Ps 20:2, Ps 48:12, Ps 50:2, Ps 51:18, Ps 53:6, Ps 65:1, Ps 69:35, Ps 76:2, Ps 84:5, Ps 84:7, Ps 87:2, Ps 87:5, Ps 97:8, Ps 99:2, Ps 102:13, Ps 102:16, Ps 102:21, Ps 110:2, Ps 126:1, Ps 128:5, Ps 129:5, Ps 132:13, Ps 133:3, Ps 134:3, Ps 135:21, Ps 137:1, Ps 137:3, Ps 146:10, Ps 147:12, Ps 149:2, Sng 3:11, Isa 1:8, Isa 1:27, Isa 2:3, Isa 3:16, Isa 3:17, Isa 4:3, Isa 4:4, Isa 10:24, Isa 10:32, Isa 12:6, Isa 14:32, Isa 16:1, Isa 28:16, Isa 30:19, Isa 31:9, Isa 33:5, Isa 33:14, Isa 33:20, Isa 34:8, Isa 35:10, Isa 37:22, Isa 40:9, Isa 41:27, Isa 46:13, Isa 49:14, Isa 51:3, Isa 51:11, Isa 51:16, Isa 52:1, Isa 52:2, Isa 52:7, Isa 52:8, Isa 59:20, Isa 60:14, Isa 61:3, Isa 62:11, Isa 64:10, Isa 66:8, Jer 3:14, Jer 4:6, Jer 4:31, Jer 6:2, Jer 6:23, Jer 8:19, Jer 9:19, Jer 14:19, Jer 26:18, Jer 30:17, Jer 31:6, Jer 31:12, Jer 50:5, Jer 50:28, Jer 51:10, Jer 51:24, Jer 51:35, Lam 1:4, Lam 1:6, Lam 1:17, Lam 2:1, Lam 2:4, Lam 2:6, Lam 2:8, Lam 2:10, Lam 2:13, Lam 2:18, Lam 4:2, Lam 4:11, Lam 4:22, Lam 5:11, Joel 2:1, Joel 2:15, Joel 2:23, Joel 3:16, Joel 3:17, Joel 3:21, Amos 1:2, Amos 6:1, Mic 1:13, Mic 3:10, Mic 3:12, Mic 4:2, Mic 4:8, Mic 4:10, Mic 4:11, Mic 4:13, Zeph 3:14, Zeph 3:16, Zech 1:14, Zech 1:17, Zech 2:7, Zech 2:10, Zech 8:2, Zech 8:3, Zech 9:9, Zech 9:13, Matt 21:5, John 12:15, Rom 9:33, Rom 11:26, 1 Pet 2:6",0.0,0.0,N/A,N/A
Zion's,Jerusalem,TBC,TBC,TBC,"Isa 33:6, Isa 62:1",0.0,0.0,N/A,N/A
Zior,TBC,TBC,Josh 15:54,TBC,TBC,31.589719,35.148296,N/A,N/A
Ziph 1,Ziph,TBC,TBC,TBC,"Josh 15:55, 1 Sam 23:14, 1 Sam 23:15, 1 Sam 23:24, 1 Sam 26:2, 2 Chr 11:8",0.0,0.0,N/A,N/A
Ziph 2,Telem,TBC,TBC,TBC,Josh 15:24,0.0,0.0,N/A,N/A
Ziphron,Hazar-enan,TBC,TBC,TBC,Num 34:9,0.0,0.0,N/A,N/A
Ziz,TBC,TBC,2 Chr 20:16,TBC,TBC,31.572903,35.406346,N/A,N/A
Zoan,Zoan,TBC,TBC,TBC,"Num 13:22, Ps 78:12, Ps 78:43, Isa 19:11, Isa 19:13, Isa 30:4, Ezek 30:14",0.0,0.0,N/A,N/A
Zoar,Zoar,TBC,TBC,TBC,"Gen 13:10, Gen 14:2, Gen 14:8, Gen 19:22, Gen 19:23, Gen 19:30, Deut 34:3, Isa 15:5, Jer 48:34",0.0,0.0,N/A,N/A
Zobah,Zedad,region,TBC,TBC,"1 Sam 14:47, 2 Sam 8:3, 2 Sam 8:5, 2 Sam 8:12, 2 Sam 10:6, 2 Sam 10:8, 2 Sam 23:36, 1 Kgs 11:23, 1 Chr 18:5, 1 Chr 18:9, 1 Chr 19:6",0.0,0.0,N/A,N/A
Zobah-Hamath,Zobah,TBC,TBC,TBC,1 Chr 18:3,0.0,0.0,N/A,N/A
Zophim,TBC,TBC,Num 23:14,TBC,TBC,31.767811,35.725296,N/A,N/A
Zorah,TBC,TBC,"Josh 15:33, Josh 19:41, Judg 13:2, Judg 13:25, Judg 16:31, Judg 18:2, Judg 18:8, Judg 18:11, 2 Chr 11:10, Neh 11:29",TBC,TBC,31.762141,34.969319,N/A,N/A
Zuph,Gibeon,TBC,TBC,TBC,1 Sam 9:5,0.0,0.0,N/A,N/A
